file	duration_ms	tests	failed
src/core/simulation/earlygame/PerfectionEconomy.test.ts	296719	15	0
src/core/simulation/earlygame/EssenceSubstitutionEconomy.test.ts	8687	8	0
src/core/simulation/earlygame/TrucCoJourney.test.ts	4986	8	0
src/presentation/tribulationRouting.test.ts	1248	9	0
src/core/audio/AudioManager.test.ts	924	20	0
src/core/simulation/earlygame/EarlyGameSession.test.ts	848	8	0
src/presentation/host/useDynamicRegion.test.ts	788	15	0
tests/architecture/asciiComments.test.ts	778	1	0
tests/architecture/eslintCoreSeverity.test.ts	753	2	0
src/presentation/presentationOwnership.test.ts	736	4	0
tests/architecture/staticArtExtentDeclared.test.ts	717	2	0
src/core/game/GameManager.autoFarmOffline.test.ts	519	7	0
src/core/simulation/BattleSimulation.determinism.test.ts	503	5	0
src/core/drop/dropCharacterization.test.ts	498	2	0
src/presentation/sessionHandoff.test.ts	487	5	0
src/core/simulation/BattleMetrics.test.ts	484	16	0
src/composables/useBootFlow.test.ts	466	7	0
src/core/simulation/earlygame/MortalChapterJourney.test.ts	429	6	0
src/components/game/DongFuScene.test.ts	324	6	0
src/core/game/GameManager.perfectClear.feasibility.test.ts	315	8	0
src/components/game/HomeBuildingIcons.test.ts	308	18	0
src/core/production/ProductionBalance.simulation.test.ts	262	5	0
src/core/kiem-tu/invariants.test.ts	242	31	0
src/components/panels/EquipmentHallPanel.test.ts	236	7	0
src/core/drop/dropEconomy.test.ts	232	2	0
src/components/panels/ChiHienQuan.integration.test.ts	231	18	0
src/components/panels/InventorySort.test.ts	230	3	0
src/components/panels/realm/RealmBodySections.test.ts	217	24	0
src/components/game/DongFuCommandWheel.test.ts	214	15	0
src/core/simulation/earlygame/RngLeakProbe.test.ts	208	1	0
src/components/common/ItemCardBody.test.ts	205	11	0
src/core/game/GameManager.verticalSlice.test.ts	198	2	0
src/core/battle/runtime/rng/rng.test.ts	191	12	0
src/core/game/GameManager.phapTuAnPath.test.ts	190	21	0
src/core/equipment/EquipmentSystem.test.ts	187	164	0
src/components/panels/bag-sections/EquipmentBagSection.test.ts	179	6	0
src/components/panels/MaterialBagFilter.test.ts	176	5	0
src/components/panels/StageSelectPanel.test.ts	174	5	0
src/components/panels/RealmPanel.test.ts	171	3	0
src/components/panels/equipment-hall/RefineTab.test.ts	168	6	0
src/core/battle/turn/TurnBattleSystem.test.ts	164	65	0
src/components/panels/equipment-hall/WashTab.test.ts	164	7	0
src/components/panels/CharacterPanel.meridian.test.ts	161	8	0
tests/architecture/statDomainWhitelist.test.ts	158	428	0
src/components/panels/bag-sections/PillBagSection.test.ts	155	3	0
src/components/panels/CompanionPanel.test.ts	154	7	0
src/core/battle/SeededRandom.test.ts	145	3	0
src/components/common/ActionFeedbackLog.test.ts	141	5	0
src/core/game/GameManager.battleCycle.test.ts	136	14	0
src/components/panels/TranPhapPanel.test.ts	135	5	0
src/components/common/InkWashMediumSurfaces.test.ts	132	3	0
src/components/panels/equipment-hall/DissolveTab.test.ts	127	5	0
src/components/onboarding/CharacterCreationScreen.test.ts	126	3	0
src/core/battle/turn/TurnBattleSystem.rngContract.test.ts	119	2	0
tests/architecture/systemThemeBoundary.test.ts	116	6	0
tests/architecture/paidRandomContract.test.ts	116	7	0
src/components/panels/SkillPathPanel.test.ts	114	4	0
src/core/game/GameManager.reactionReproof.test.ts	113	28	0
src/core/game/GameManager.skillPipelineJourney.test.ts	113	3	0
src/components/panels/equipment-hall/EnhanceTab.test.ts	112	4	0
src/composables/useElectronBridge.test.ts	112	5	0
tests/architecture/cultivationPathIsolation.test.ts	109	5	0
src/components/game/combat/CombatDefeatPanel.test.ts	99	6	0
src/core/equipment/deadReferences.test.ts	96	3	0
src/components/common/SlotView.test.ts	95	33	0
src/components/common/InkWashBackdrop.test.ts	93	4	0
src/core/game/GameManagerSaveRestore.boundary.test.ts	93	90	0
src/components/panels/SettingsPanel.test.ts	92	2	0
src/components/common/BreakthroughRequirementPanel.test.ts	92	7	0
tests/architecture/atlasFramesExist.test.ts	90	4	0
src/core/game/GameManager.battleTeardown.test.ts	88	10	0
src/core/simulation/BattleSimulation.test.ts	88	11	0
src/core/battle/turn/TurnBattleSystem.determinism.test.ts	86	7	0
src/composables/useAppLifecycle.test.ts	85	31	0
tests/architecture/assetContainment.test.ts	81	4	0
src/components/game/combat/turnCombatReactivity.test.ts	80	1	0
tests/architecture/catalogPreloadParity.test.ts	79	3	0
src/core/game/GameManager.theTuE2E.test.ts	78	10	0
src/core/item/ItemRoll.test.ts	76	6	0
src/components/panels/skill-path/NodeInspector.test.ts	76	7	0
src/components/panels/EquipmentPaperdoll.test.ts	75	3	0
src/core/simulation/earlygame/QrProbe.test.ts	74	1	0
src/core/game/GameManager.coreLevelChain.qa.test.ts	73	2	0
src/services/save/SaveSystem.restoreIdentity.test.ts	73	18	0
src/components/layout/LeftPanel.building.test.ts	73	2	0
src/components/panels/skill-path/TechniqueBand.test.ts	73	4	0
tests/architecture/damageAuthorityRng.test.ts	72	4	0
src/components/common/dialogLabeling.test.ts	71	3	0
src/core/game/GameManager.perfectClear.test.ts	70	9	0
src/presentation/combatRouting.test.ts	69	7	0
src/core/simulation/benchmark/BalanceReport.test.ts	67	21	0
src/components/common/dialogFocus.test.ts	67	5	0
src/core/game/GameManager.turnManualQa.test.ts	65	7	0
src/core/game/GameManager.ancientBeastTrial.test.ts	64	7	0
tests/architecture/canonicalBuffSurface.test.ts	64	2	0
src/core/game/GameManager.theTuAnE2E.test.ts	64	8	0
src/components/panels/VendorPanel.test.ts	63	2	0
src/components/game/combat/TurnOrderStrip.test.ts	61	11	0
src/components/common/dialogFocusAdversarial.test.ts	60	6	0
src/components/panels/equipment-hall/DecomposeTab.test.ts	60	7	0
src/core/game/GameManager.laneAssignment.test.ts	59	2	0
src/core/game/GameManager.autoFarmAdversarial.test.ts	58	7	0
src/core/game/GameManager.fixedStepCatchup.test.ts	58	2	0
src/core/battle/turn/TurnBattleSystem.contract.test.ts	58	22	0
src/components/game/combat/CombatVictoryPanel.test.ts	57	2	0
src/components/game/combat/CombatExitConfirmModal.focus.test.ts	57	4	0
src/components/game/combat/hud/TurnCombatSkillBar.display.test.ts	56	4	0
src/components/panels/AlchemyView.test.ts	55	3	0
src/core/game/GameManager.ngoDaoReaction.test.ts	55	13	0
src/services/save/saveShapeValidation.test.ts	55	356	0
src/core/profession/ProfessionDataIntegrity.test.ts	55	15	0
src/core/production/ProductionSystem.test.ts	54	29	0
src/components/panels/BuildingConstructionGate.test.ts	54	2	0
src/core/skill/SkillSystem.castCount.test.ts	53	12	0
src/components/panels/skill-path/NodeTreePanel.test.ts	53	3	0
tests/architecture/i18nKeyParity.test.ts	53	10	0
src/core/game/GameManager.actionPlayback.test.ts	52	16	0
src/core/game/GameManager.nguKiemDao.test.ts	52	3	0
src/core/game/GameManager.stageLease.test.ts	52	14	0
src/core/game/GameManager.kiemPho.test.ts	52	3	0
src/core/game/GameManager.mvpLoop.test.ts	51	1	0
src/core/game/GameManager.statRefresh.test.ts	51	11	0
src/components/common/dialogFocusEscape.test.ts	51	2	0
src/core/game/GameManagerTurnBattleOps.commandBoundary.test.ts	50	6	0
tests/architecture/progressionOutcomeOwnership.test.ts	49	2	0
src/core/game/GameManager.battleEndPublication.test.ts	49	6	0
src/components/game/combat/CombatExitConfirmModal.test.ts	49	4	0
src/components/game/DongFuBuildingSprite.test.ts	49	3	0
tests/architecture/tribulationAdmissionFunnel.test.ts	49	4	0
src/components/common/AtlasIdleSprite.test.ts	48	2	0
src/components/common/ToastContainer.test.ts	48	4	0
src/core/progression/NodeSystem.route.test.ts	47	15	0
src/core/game/GameManagerTurnBattleOps.turnEngine.test.ts	46	8	0
src/components/game/PhaserCanvas.test.ts	46	5	0
src/components/panels/skill-path/NativeCoreDetail.test.ts	46	5	0
src/components/common/TalentEntitlementModal.deadCards.test.ts	44	2	0
src/core/game/GameManager.turnBattleEnemyWavePosition.test.ts	44	1	0
src/core/game/GameManager.repeatStage.test.ts	44	3	0
src/core/battle/turn/TurnBattleSystem.hoIntercept.test.ts	44	16	0
src/core/game/GameManager.authoredParity.test.ts	44	13	0
src/components/game/PresentationTransitionOverlay.test.ts	43	6	0
src/components/panels/skill-path/SkillDetailView.test.ts	43	3	0
src/components/common/InkWashPrimitives.test.ts	43	5	0
src/core/game/GameManager.autoFarmRestore.test.ts	42	12	0
src/core/battle/turn/TurnBattleSystem.companionSupport.test.ts	42	6	0
src/core/game/GameManager.legacySkillRestore.test.ts	41	2	0
src/composables/useTribulation.dotPha.test.ts	41	12	0
src/core/the-tu/TheTuPath.way.test.ts	40	36	0
src/core/tribulation/TribulationOutcomeService.test.ts	40	14	0
src/core/battle/turn/TurnBattleSystem.skillPlan.test.ts	40	13	0
src/core/battle/turn/TurnBattleSystem.reflection.test.ts	39	6	0
tests/architecture/coreImportDirection.test.ts	39	2	0
src/core/skilldef/LegacySkillCoverage.test.ts	39	11	0
src/assets/dongFuBackgroundAssets.test.ts	38	2	1
src/core/game/GameManager.turnManualMode.test.ts	38	5	0
src/components/common/InkWashLargeSurfaces.test.ts	37	2	0
src/core/battle/turn/TurnBattleSystem.stanceBuffs.test.ts	37	6	0
src/components/game/combat/RewardList.test.ts	36	5	0
src/core/stats/StatCalculator.theTu.test.ts	36	75	0
src/core/battle/turn/TurnBattleSystem.dynamicBasic.test.ts	36	13	0
src/core/game/GameManager.hiddenLineageRestore.qa.test.ts	36	6	0
src/core/game/GameManager.stageRestart.test.ts	35	1	0
src/core/tribulation/TribulationOutcomeSettlement.test.ts	34	9	0
tests/architecture/qiHallLayoutOwnership.test.ts	34	2	0
src/core/battle/runtime/scheduler/CombatScheduler.test.ts	34	64	0
src/core/battle/turn/TurnBattleSystem.theEconomy.test.ts	34	12	0
src/core/game/GameManager.turnRegenStage.test.ts	34	3	0
src/core/battle/turn/TurnBattleSystem.externalWard.test.ts	34	8	0
src/core/battle/turn/TurnBattleSystem.theTuAnRiders.test.ts	33	8	0
src/services/save/SaveRoundTrip.test.ts	33	22	0
src/components/game/AutoFarmIndicator.test.ts	32	1	0
src/services/cloudSave/SupabaseRemoteSave.test.ts	32	14	0
src/services/save/SaveSystem.bootRestore.test.ts	32	5	0
tests/architecture/statProvenanceAndQueryPurity.test.ts	32	6	0
src/core/battle/turn/TurnBattleSystem.troFollowUp.test.ts	31	9	0
src/core/tribulation/TribulationDirector.persist.test.ts	31	5	0
src/core/battle/turn/TurnBattleSystem.detonate.test.ts	31	6	0
src/core/battle/turn/TurnBattleSystem.turnRegen.test.ts	30	8	0
src/core/battle/turn/TurnBattleSystem.reactiveBypass.test.ts	30	9	0
src/core/game/CombatBuild.test.ts	30	25	0
src/core/battle/turn/TurnBattleSystem.appliesBuffs.test.ts	30	8	0
src/core/game/GameManager.hiddenChannel.test.ts	30	3	0
src/App.wiring.test.ts	29	28	0
src/core/phap-tu/PhapTuPath.way.test.ts	29	19	0
tests/architecture/skillDefProducerSources.test.ts	28	2	0
src/core/game/GameManager.presentationGate.test.ts	27	11	0
src/components/menu/MenuButton.test.ts	27	4	0
src/components/game/combat/BattleLogPanel.test.ts	27	3	0
src/core/game/GameManager.turnStatusVfx.test.ts	26	2	0
src/core/game/GameManager.enemyClear.test.ts	26	2	0
src/core/reaction/ReactionPayoff.sinh.test.ts	26	5	0
src/core/game/GameManager.phaGiapCarry.test.ts	26	4	0
src/core/game/GameManager.talentv4.test.ts	26	7	0
src/core/battle/turn/TurnBattleSystem.batTu.test.ts	26	12	0
src/core/game/GameManager.mortalBasicSkill.test.ts	25	15	0
src/core/reaction/ReactionPayoff.khac.test.ts	25	10	0
src/core/game/GameManager.bossRepeatCycle.test.ts	25	6	0
tests/architecture/inkDrawerSurface.test.ts	25	4	0
src/core/reaction/ReactionDeterminism.test.ts	25	4	0
src/core/game/GameManager.empowerment.test.ts	25	3	0
src/core/battle/turn/TurnBuffSystem.reactiveTrigger.test.ts	25	4	0
src/core/skill/SkillSystem.huyKiem.test.ts	25	6	0
src/core/game/GameManager.theLifecycle.test.ts	25	3	0
src/core/game/GameManager.talentv4.qa.test.ts	25	6	0
src/core/battle/turn/TurnBattleSystem.midImpactDeath.test.ts	24	5	0
src/core/realm/ReleasePolicy.artifactDeferred.test.ts	24	16	0
src/components/common/WorldAnnouncementOverlay.test.ts	24	4	0
src/core/battle/turn/TurnBattleSystem.consumeDamage.test.ts	23	6	0
src/core/game/GameManager.workerCapacity.test.ts	23	12	0
src/core/battle/turn/TurnBattleSystem.selfBuff.qa.test.ts	23	3	0
src/core/battle/turn/TurnBuffIdentity.test.ts	23	3	0
src/components/game/combat/CombatCountdownOverlay.test.ts	23	4	0
src/components/game/combat/CombatPauseOverlay.test.ts	23	1	0
src/core/game/GameManagerCompanionOps.test.ts	22	38	0
src/core/equipment/EquipmentSystem.wash.test.ts	22	51	0
src/core/progression/NodeSystem.test.ts	22	44	0
src/core/battle/turn/TurnBattleSystem.stacksPerAffectedTarget.test.ts	22	3	0
src/core/battle/turn/TurnBattleSystem.compositePicks.qa.test.ts	22	3	0
src/core/game/GameManager.autoFarm.test.ts	22	8	0
tests/architecture/dynamicRegionHost.test.ts	22	4	0
src/core/game/GameManager.introPhase.test.ts	22	4	0
src/components/common/primitives/InkNineSlice.test.ts	22	3	0
src/core/battle/turn/TurnBattleSystem.slice3qa.test.ts	22	5	0
src/core/battle/turn/TurnBattleSystem.theResource.test.ts	22	10	0
src/services/supabase/SupabaseHttp.test.ts	21	2	0
src/core/game/GameManager.castCount.test.ts	21	1	0
src/core/game/GameManager.buildSnapshot.test.ts	21	2	0
src/core/game/GameManager.dissolveUnifiedEssence.test.ts	21	4	0
src/core/game/GameManager.washTransaction.test.ts	21	3	0
src/core/game/GameManager.essenceSubstitution.test.ts	21	14	0
src/core/battle/turn/TurnBattleSystem.taunt.test.ts	21	9	0
src/core/battle/turn/TurnBattleSystem.dotSource.qa.test.ts	21	3	0
src/presentation/GamePresentationCoordinator.test.ts	20	28	0
src/presentation/createGamePresentation.test.ts	20	11	0
src/core/battle/turn/TurnBattleSystem.specialAttacks.test.ts	20	2	0
src/core/game/GameManager.refineTransaction.test.ts	20	3	0
src/core/battle/turn/TurnBattleSystem.followUpQueue.test.ts	19	5	0
src/core/game/GameManager.introPhase.qa.test.ts	19	4	0
src/services/supabase/SupabaseSession.test.ts	19	5	0
src/core/buff2/BuffLifecycle.test.ts	19	29	0
src/services/character/SupabaseCharacterCreationService.contract.test.ts	19	2	0
src/core/game/GameManagerTurnBattleOps.combatClock.test.ts	19	4	0
src/composables/cultivationRitualFlow.integration.test.ts	19	1	0
src/components/common/PlayerPortrait.test.ts	18	2	0
src/core/reaction/ReactionSnapshot.test.ts	18	11	0
src/services/save/SaveSystem.conformance.test.ts	18	1	0
src/core/buff2/BuffAcceptance.test.ts	18	26	0
src/stores/player.restoreFromSave.test.ts	18	8	0
src/core/tribulation/TribulationDirector.hiddenTypePersist.qa.test.ts	18	1	0
src/core/production/ProductionSystem.offlineParity.test.ts	18	12	0
src/data/progression/PhapTuNodes.reimagined.test.ts	18	13	0
src/core/equipment/EquipmentOperationCostCatalog.test.ts	18	3	0
src/services/save/SaveSystem.saveLoadRoundTrip.test.ts	18	4	0
src/core/battle/turn/TurnBattleSystem.party.test.ts	18	4	0
src/data/skill/KiemPhoCombos.test.ts	18	8	0
src/core/reaction/ReactionDispatcher.test.ts	17	5	0
src/core/game/GameManager.theTuKit.test.ts	17	4	0
src/core/companion/CompanionGifts.wiring.test.ts	17	6	0
src/core/skilldef/SkillResolver.test.ts	17	25	0
src/game/scenes/combat/PlayerHudLayer.test.ts	17	8	0
src/composables/useBagGridLayout.test.ts	17	4	0
src/composables/useEquipmentTooltip.test.ts	17	13	0
src/core/realm/ReleasePolicy.test.ts	17	41	0
src/core/player/CultivationPathRuntime.test.ts	17	12	0
src/game/support/ThanhVanArt.test.ts	17	9	0
src/core/game/GameManagerProgressionOps.respec.test.ts	17	6	0
src/data/skill/PhapTuRouteSkills.test.ts	17	23	0
src/core/tribulation/BreakthroughOutcomeService.test.ts	17	6	0
src/core/game/GameManager.theTuRitual.test.ts	17	11	0
src/services/save/SaveSystem.test.ts	16	31	0
src/core/talent/TalentEntitlement.test.ts	16	24	0
src/core/game/GameManager.surviveOpIds.qa.test.ts	16	2	0
src/core/game/GameManager.kiemTuTree.test.ts	16	12	0
src/assets/dongFuBuildingAssets.test.ts	16	2	0
src/core/reaction/ReactionBatch.test.ts	16	5	0
src/core/game/GameManager.deadIds.test.ts	16	5	0
src/core/game/GameManagerSaveRestore.onceOnlySettle.test.ts	16	2	0
src/core/game/GameManager.r7qa.test.ts	16	2	0
src/core/game/GameManager.kiemPhoPreset.test.ts	16	5	0
src/core/production/ProductionCycles.test.ts	15	10	0
src/core/reaction/ReactionTrace.test.ts	15	4	0
src/stores/notification.test.ts	15	6	0
src/core/skilldef/SkillPlanReads.test.ts	15	5	0
src/core/cultivation/CultivationSystem.test.ts	15	35	0
src/composables/usePanelPagination.test.ts	15	2	0
src/core/tribulation/TribulationDirector.terminal.test.ts	15	7	0
src/core/battle/turn/TurnQueue.adversarial.test.ts	15	2	0
src/core/game/GameManager.grantRandomEquipmentDrop.test.ts	15	1	0
src/core/tribulation/TribulationOutcomeService.startSide.test.ts	15	2	0
src/core/combat/CombatSystem.surviveLethal.test.ts	15	11	0
src/core/battle/turn/TurnBattleSystem.anKit.test.ts	15	8	0
src/data/progression/SkillCoreNodes.test.ts	14	9	0
src/core/battle/turn/CombatAnimationRuntime.test.ts	14	26	0
src/data/companion/Companions.roster.test.ts	14	19	0
src/core/game/GameManager.companionSkillKit.test.ts	14	4	0
src/core/game/GameManagerTurnBattleOps.idleDrops.test.ts	14	6	0
src/core/battle/turn/TurnBattleSystem.appliesBuffUnknownId.qa.test.ts	14	3	0
src/core/player/CultivationPathSystem.test.ts	14	51	0
src/presentation/geometry/BattleGridProjection.test.ts	14	29	0
src/data/talent/Talents.test.ts	14	13	0
src/core/game/GameManager.partyFormation.test.ts	14	3	0
src/core/game/SkillInventoryParity.qa.test.ts	14	15	0
src/core/game/BattleLootSystem.realmReward.test.ts	14	10	0
src/stores/actionFeedback.test.ts	14	10	0
src/core/skilldef/SkillExecutor.test.ts	14	12	0
src/core/game/GameManager.skillInsightReward.test.ts	14	2	0
src/core/battle/turn/TurnBattleSystem.slice4qa.test.ts	14	4	0
src/core/tribulation/TribulationOutcomeService.loiKiep.test.ts	14	5	0
src/core/game/GameManager.activeTurnBattleStage.test.ts	13	3	0
src/stores/player.setExternalModifiers.test.ts	13	6	0
src/game/scenes/CombatScene.lifecycle.test.ts	13	6	0
src/core/game/GameManager.artifactGradeUpgrade.test.ts	13	4	0
src/services/save/SaveSystem.snapshotIsolation.test.ts	13	5	0
src/core/realm/hidden/NghichChuTian.test.ts	13	20	0
src/core/game/GameManager.kiemTuNguWay.test.ts	13	10	0
src/game/scenes/combat/combat-damage-text.test.ts	13	6	0
src/core/equipment/EquipmentRefine.test.ts	13	20	0
src/core/stats/StatLabels.test.ts	13	8	0
src/core/game/GameManager.overflowSurfacing.test.ts	13	5	0
src/core/skill/SkillSystem.level.test.ts	13	13	0
src/core/game/GameManager.bodyChapter.test.ts	13	6	0
src/core/reaction/ReactionPayoff.noRecursion.test.ts	13	2	0
src/core/battle/turn/TurnBattleSystem.effectiveSpeed.test.ts	13	2	0
src/core/game/GameManager.stageProgress.test.ts	13	1	0
src/presentation/assets/AssetBundleManager.test.ts	13	13	0
src/game/scenes/CombatScene.dotPresentation.test.ts	13	7	0
src/stores/ui.flags.test.ts	13	7	0
src/composables/useTribulation.artifact.test.ts	13	3	0
src/composables/useTribulation.seamRepair.test.ts	13	3	0
src/core/game/GameManager.bodyPhysique.test.ts	13	3	0
src/core/phap-tu/PhapTuRoutes.test.ts	13	13	0
src/composables/useStageActive.resultLifecycle.test.ts	13	6	0
src/core/skilldef/SkillSubcast.test.ts	13	8	0
src/core/buff2/BuffQuery.test.ts	12	10	0
src/data/enemy/Enemies.test.ts	12	12	0
tests/architecture/animationCatalogue.test.ts	12	7	0
src/game/scenes/combat/combatTextFormat.test.ts	12	4	0
src/data/skill/TurnSkillDisplayMeta.test.ts	12	4	0
src/services/save/SaveSystem.quota.test.ts	12	15	0
src/core/alchemy/AlchemySystem.test.ts	12	50	0
src/stores/player.talentM2.test.ts	12	7	0
src/services/save/SaveSystem.talentPassiveRestore.qa.test.ts	12	1	0
src/core/tribulation/TribulationDirector.restoreLeak.qa.test.ts	12	2	0
src/core/format/NumberFormatter.test.ts	12	5	0
src/core/tribulation/BreakthroughOutcomeService.qa.test.ts	12	2	0
src/core/reaction/ReactionRegistry.test.ts	12	19	0
src/core/kiem-tu/KiemTuPath.way.test.ts	12	30	0
src/core/game/GameManager.r5Refinement.reaudit.test.ts	12	2	0
tests/architecture/entityVisualLifecycle.test.ts	12	3	0
src/core/kiem-tu/KiemPhoProvider.test.ts	12	9	0
src/core/battle/turn/TurnBattleSystem.empowerment.test.ts	12	5	0
src/core/game/GameManager.combatTechnique.test.ts	12	6	0
src/core/battle/turn/TurnBattleSystem.hitResolution.qa.test.ts	12	2	0
src/core/battle/contracts/operations.cleanse-limit.test.ts	12	6	0
src/core/buff2/BuffSystem.r4-cleanse.reaudit.test.ts	11	1	0
src/game/scenes/combat/combat-grid-view.test.ts	11	16	0
src/core/battle/CombatAiStrategy.test.ts	11	9	0
src/core/kiem-tu/KiemPhoSystem.test.ts	11	11	0
src/core/pill/PillSystem.profession.test.ts	11	9	0
src/data/reaction/ReactionDefinitions.test.ts	11	15	0
src/core/player/CultivationPathContract.test.ts	11	30	0
src/core/game/NotificationQueue.test.ts	11	10	0
src/core/battle/turn/TurnPipeline.test.ts	11	10	0
src/core/game/DebugTurnRewards.test.ts	11	1	0
src/data/progression/KiemTuNodes.test.ts	11	15	0
src/core/game/GameManager.kiemTuState.test.ts	11	10	0
src/core/battle/turn/TurnBattleSystem.camCong.test.ts	11	7	0
src/core/game/BattleLootSystem.talentHooks.test.ts	11	11	0
src/core/buff2/BuffOrdering.test.ts	11	6	0
src/core/equipment/EquipmentBag.autoDissolve.test.ts	11	6	0
src/stores/player.legacyGatedModifier.qa.test.ts	11	3	0
src/stores/player.artifact.test.ts	11	6	0
src/core/battle/turn/TurnBattleSystem.bossTriggerUnknownId.qa.test.ts	11	1	0
src/core/realm/body/BodyProgressionSystem.test.ts	11	14	0
src/core/buff2/BuffModifierEngine.test.ts	10	12	0
src/core/battle/turn/TurnBattleSystem.onSkillCast.test.ts	10	5	0
src/core/reaction/ReactionBoard.test.ts	10	6	0
src/core/buff2/BuffCleanse.test.ts	10	5	0
src/core/battle/turn/TurnBattleSystem.actionPlayback.test.ts	10	7	0
src/data/progression/TheTuNodes.test.ts	10	12	0
src/core/game/GameManager.dotPha.test.ts	10	6	0
src/core/equipment/EquipmentWash.test.ts	10	15	0
src/core/game/GameManager.r9qa.test.ts	10	1	0
src/presentation/geometry/ProjectionBridge.test.ts	10	6	0
src/data/building/buildings.rework.test.ts	10	11	0
src/core/battle/runtime/scheduler/adapters/CombatSystemDamageAdapter.test.ts	10	20	0
src/core/skilldef/LegacySkillAdapter.test.ts	10	23	0
src/game/scenes/CombatScene.combatAnimations.test.ts	10	23	0
src/core/equipment/EnhanceCurve.test.ts	10	8	0
src/data/drop/HiddenMaterialChannels.test.ts	10	18	0
src/core/game/GameManager.r81qa.test.ts	10	4	0
src/core/game/GameManager.questLifecycle.test.ts	10	4	0
src/stores/player.cultivationSpeed.test.ts	10	9	0
src/core/material/MaterialBag.test.ts	10	21	0
src/presentation/geometry/formationSlotHitTest.test.ts	10	5	0
src/core/skilldef/SkillCastCommit.test.ts	10	7	0
src/core/game/BattleLootSystem.dropResult.test.ts	10	9	0
src/core/game/GameManager.setArtifactPath.test.ts	10	4	0
src/core/equipment/EnhanceSlotLevel.test.ts	10	12	0
src/core/game/GameManager.realmPassiveSkill.test.ts	10	7	0
src/stores/player.save.test.ts	9	2	0
src/core/buff2/BuffSystemApply.test.ts	9	22	0
src/core/player/PlayerStatAssembly.test.ts	9	19	0
src/core/game/GameManager.bossSolo.test.ts	9	1	0
src/composables/useAutoRetryCountdown.test.ts	9	4	0
src/data/buff/BuffRegistry.test.ts	9	7	0
src/composables/useBagSort.test.ts	9	5	0
src/core/battle/runtime/scheduler/CombatTraceExporter.test.ts	9	4	0
src/core/combat/Armor.test.ts	9	6	0
src/core/skilldef/SkillDefinition.test.ts	9	38	0
src/core/technique/TechniqueSystem.test.ts	9	38	0
src/core/game/GameManagerSaveRestore.replace.test.ts	9	3	0
src/core/game/CombatTimeClassification.test.ts	9	5	0
src/game/support/EnemyArt.test.ts	9	4	0
src/core/buff2/BuffStacks.test.ts	9	12	0
tests/architecture/presentationGate.test.ts	9	4	0
src/core/stats/StatCalculator.turnConversion.test.ts	9	11	0
src/core/game/BattleLootSystem.artifactDrop.test.ts	9	8	0
tests/architecture/frontendImportDirection.test.ts	9	5	0
src/core/game/GameManager.sharedWorkerPool.test.ts	9	3	0
src/core/game/GameManagerProgressionOps.clawback.test.ts	9	6	0
src/core/game/GameManager.progressionScope.test.ts	9	10	0
src/data/tribulation/TribulationData.test.ts	9	9	0
src/core/production/ProductionSystem.workers.test.ts	9	13	0
src/core/tribulation/TribulationDirector.test.ts	9	17	0
src/presentation/PhaserSceneAdapter.test.ts	9	8	0
src/core/buff2/BuffPeriodic.test.ts	8	11	0
src/core/realm/body/BodyBaseStatAssembly.test.ts	8	7	0
src/game/scenes/CombatScene.backgroundLifecycle.test.ts	8	6	0
src/core/game/GameManager.nghichChuTian.test.ts	8	3	0
src/services/character/CharacterCreationService.test.ts	8	5	0
src/core/buff2/BuffRegistry.test.ts	8	19	0
src/core/economy/VendorSystem.test.ts	8	29	0
src/core/companion/CompanionGacha.test.ts	8	14	0
src/core/game/GameManager.talentM3.test.ts	8	2	0
src/services/cloudSave/LocalCloudSaveService.quota.test.ts	8	5	0
src/data/enemy/ChieuHienLenhDrops.test.ts	8	13	0
src/core/equipment/EquipmentWash.pending.test.ts	8	14	0
src/core/realm/body/BodyProgressionSystem.physique.test.ts	8	20	0
src/core/stats/StatDomain.test.ts	8	14	0
src/core/skilldef/LegacySkillAdapter.converter.test.ts	8	18	0
src/core/presentation/ActionAvailability.test.ts	8	5	0
src/core/battle/contracts/operations.test.ts	8	12	0
tests/architecture/projectionLocation.test.ts	8	3	0
src/game/support/BattleLayers.test.ts	8	8	0
src/core/game/FormationPlacement.test.ts	8	15	0
src/presentation/VueRouteAdapter.test.ts	8	3	0
src/presentation/audio/combatAudioBinding.test.ts	8	4	0
src/core/production/ProductionSystem.realmTier.test.ts	8	6	0
src/core/battle/runtime/scheduler/CombatOperationExecutor.test.ts	8	10	0
src/stores/player.finalStats.test.ts	8	2	0
src/core/battle/turn/TurnBattleSystem.missingHp.test.ts	8	6	0
src/game/scenes/CombatScene.turnCountdownSpawn.test.ts	8	8	0
src/core/talent/TalentEntitlement.offerLegality.test.ts	8	7	0
src/core/battle/turn/TurnStatusPresentationEvents.test.ts	8	9	0
src/core/game/GameManager.techniqueProgress.test.ts	8	5	0
src/core/battle/turn/TurnBattleSystem.slice5qa.test.ts	8	3	0
src/core/game/GameManager.tuLinhTran.test.ts	8	5	0
src/data/stage/Stages.test.ts	8	12	0
src/data/stage/ChapterStages.test.ts	8	16	0
src/core/game/HiddenBeastSystem.test.ts	8	12	0
src/stores/player.visualProfile.test.ts	8	4	0
src/stores/audio.test.ts	8	7	0
src/game/scenes/CombatScene.rewardStream.test.ts	8	11	0
src/core/game/BattleLootSystem.companionExp.test.ts	7	7	0
src/core/progression/NodeSystem.levelGates.test.ts	7	13	0
src/core/game/GameManager.purchaseNode.test.ts	7	5	0
src/core/reaction/ReactionCandidate.test.ts	7	17	0
src/core/battle/turn/TurnSkillExecution.test.ts	7	4	0
src/data/progression/TheTuAnNodes.test.ts	7	14	0
src/core/game/GameManager.equipGate.test.ts	7	5	0
src/core/battle/runtime/scheduler/CombatScheduler.review-round-2.test.ts	7	11	0
src/core/game/GameManager.timedEffect.test.ts	7	6	0
src/core/realm/body/BodyRefinementChapter.test.ts	7	19	0
src/game/scenes/CombatScene.hudWiring.test.ts	7	12	0
src/core/talent/TalentsV4Wiring.test.ts	7	19	0
src/presentation/art/PlayerVisualProfiles.test.ts	7	10	0
src/core/player/CultivationPathKit.test.ts	7	24	0
src/core/battle/runtime/scheduler/CombatBatchRunner.test.ts	7	26	0
src/data/breakthrough/BreakthroughGrades.test.ts	7	5	0
src/core/equipment/EquipmentStatPolicy.test.ts	7	12	0
src/core/battle/turn/TurnActionPresentationEvents.test.ts	7	15	0
src/data/skill/TheTuSkills.test.ts	7	23	0
src/core/realm/hidden/HiddenPerfection.test.ts	7	20	0
src/core/battle/turn/TurnSkillAction.test.ts	7	22	0
src/core/companion/CompanionProgression.test.ts	7	45	0
src/core/game/GameManager.zone.test.ts	7	6	0
src/stores/player.aiStrategy.test.ts	7	3	0
src/core/game/BattleLootSystem.techniqueMastery.test.ts	7	6	0
src/core/production/DecomposeSystem.saveRestore.test.ts	7	9	0
src/composables/useTooltip.test.ts	7	4	0
tests/architecture/combatContract.test.ts	7	5	0
src/core/battle/turn/TurnSkillAction.adversarial.test.ts	7	6	0
src/stores/player.ngoDao.test.ts	7	6	0
src/game/scenes/CombatScene.positionSmoothing.test.ts	7	9	0
src/core/buff2/BuffConversion.test.ts	7	6	0
src/core/battle/turn/TurnOrderPreview.test.ts	7	3	0
src/game/scenes/combat/combat-vfx-spawner.statusRow.test.ts	7	10	0
src/core/realm/body/MeridianChapter.test.ts	6	12	0
src/core/battle/turn/CombatAnimationRuntime.r5.reaudit.test.ts	6	5	0
src/core/progression/NodeSystem.way.test.ts	6	9	0
src/core/realm/body/BodyChapter.test.ts	6	24	0
src/core/kiem-tu/NguKiemDao.test.ts	6	13	0
src/core/combat/CombatSystem.hitOutcomes.test.ts	6	11	0
src/game/scenes/combat/combat-entity-visual-lifecycle.test.ts	6	6	0
src/core/tribulation/TribulationDirector.loiKiep.test.ts	6	2	0
src/core/equipment/EquipmentInstanceSnapshot.test.ts	6	12	0
src/data/skill/Skills.chain.test.ts	6	11	0
src/core/game/GameManager.vendor.test.ts	6	6	0
src/core/production/DecomposeSystem.test.ts	6	13	0
src/game/support/ThanhVanBackdrop.test.ts	6	6	0
src/data/buff/buffs.test.ts	6	16	0
src/core/buff2/BuffPersistence.test.ts	6	7	0
src/core/equipment/EquipmentDissolve.test.ts	6	13	0
src/services/save/SaveMigration.test.ts	6	7	0
src/data/progression/TechniqueGateAuthored.test.ts	6	8	0
src/core/presentation/PresentationSession.test.ts	6	11	0
src/main-process/combatClockHost.test.ts	6	7	0
tests/architecture/overlayLayers.test.ts	6	5	0
src/core/realm/hidden/QuanTheDiversion.test.ts	6	14	0
src/game/support/ActionImpactVfx.test.ts	6	10	0
src/data/realm/PhysiqueEssence.test.ts	6	17	0
src/core/artifact/ArtifactProgression.test.ts	6	28	0
src/core/events/EventBus.test.ts	6	12	0
src/core/enemy/EnemyStatInput.test.ts	6	16	0
src/core/reaction/ReactionGate.unwired.test.ts	6	2	0
src/core/battle/turn/TurnBattleSystem.adversarial.test.ts	6	4	0
src/core/battle/turn/TurnBattleSystem.rounds.test.ts	6	4	0
src/core/skilldef/SkillDefinitionRegistry.test.ts	6	9	0
src/core/game/GameManager.unequipAll.test.ts	6	4	0
src/core/production/ProductionOffline.test.ts	6	7	0
src/main-process/quitFlush.test.ts	6	4	0
src/game/scenes/CombatScene.spawnVfx.test.ts	6	4	0
src/core/combat/CombatSystem.skillScaling.test.ts	6	3	0
src/i18n/index.test.ts	6	8	0
src/core/game/GameManagerSaveRestore.preflight.test.ts	6	4	0
src/core/quest/QuestSystem.test.ts	6	10	0
src/core/battle/turn/ActionValidator.test.ts	6	13	0
src/core/progression/NodeSystem.cores.test.ts	6	9	0
src/presentation/assets/AssetBundleCatalog.test.ts	5	7	0
src/game/scenes/combat/combat-helpers-encapsulation.qa.test.ts	5	2	0
src/game/scenes/CombatScene.actionPlayback.test.ts	5	6	0
src/core/progression/NodeSystem.vanDao.test.ts	5	6	0
src/game/scenes/TranPhapCombatPreviewScene.test.ts	5	10	0
src/core/kiem-tu/NguKiemDaoProvider.test.ts	5	11	0
src/game/support/EnemySpawnVfx.test.ts	5	6	0
tests/architecture/artModeUniformity.test.ts	5	6	0
src/core/profession/ProfessionValidators.test.ts	5	12	0
src/core/combat/EntityVitalsSystem.healEvent.test.ts	5	5	0
src/assets/dongFuBuildingPipeline.test.ts	5	1	1
src/core/realm/body/ZhouTianChapter.test.ts	5	16	0
src/core/talent/TalentEffects.test.ts	5	16	0
src/data/buff/TheTuBuffs.test.ts	5	10	0
src/core/realm/hidden/AncientBeastTrial.test.ts	5	11	0
src/core/skilldef/ResolvedSkillPlan.test.ts	5	10	0
src/core/building/BuildingSystem.test.ts	5	18	0
src/composables/useSystemRimAuthority.test.ts	5	8	0
src/core/realm/body/BodyChapterEssenceSubstitution.test.ts	5	17	0
src/core/technique/TechniqueProgression.test.ts	5	23	0
src/core/companion/CompanionGifts.test.ts	5	16	0
src/data/equipment/equipment.test.ts	5	4	0
src/core/realm/hidden/HiddenBreakthrough.test.ts	5	14	0
src/core/realm/hidden/HiddenLineage.test.ts	5	17	0
src/core/battle/turn/TurnBattleSystem.attackEvent.qa.test.ts	5	1	0
src/data/quest/quests.test.ts	5	4	0
src/services/save/saveVersion.test.ts	5	6	0
src/core/production/ProductionSystem.quote.test.ts	5	4	0
src/core/battle/turn/TurnBattleSystem.chargeCcInteraction.test.ts	5	1	0
src/game/scenes/CombatScene.eventSubscriptionSymmetry.test.ts	5	4	0
src/data/formation/TranPhap.test.ts	5	7	0
src/core/combat/CombatSystem.healing.test.ts	5	9	0
src/core/game/GameManager.cultivationPathRewards.test.ts	5	2	0
src/core/game/GameManagerProgressionOps.levelGates.test.ts	5	3	0
src/core/profession/EconomySimulation.test.ts	5	7	0
src/core/reaction/ReactionTriggerGate.test.ts	5	7	0
src/data/skill/KiemPhoOrbs.test.ts	5	12	0
src/core/simulation/benchmark/BalanceMatrix.test.ts	5	3	0
src/core/realm/body/MeridianPages.test.ts	5	7	0
src/stores/ui.combatInputMode.test.ts	4	4	0
src/core/game/BattleLootSystem.questHook.test.ts	4	3	0
src/core/stage/ProgressStageResolver.test.ts	4	3	0
src/game/scenes/CombatScene.floatingStatusText.test.ts	4	6	0
src/core/game/BattleLootSystem.healTarget.test.ts	4	3	0
src/data/buff/CompanionBuffs.test.ts	4	6	0
src/game/scenes/combat/combat-status-tooltip.test.ts	4	7	0
src/core/battle/runtime/scheduler/adapters/EntityResourceAdapter.test.ts	4	11	0
src/core/game/GameManager.realmAdvanceUnequip.test.ts	4	1	0
src/core/profession/ProfessionGrade.test.ts	4	7	0
src/core/combat/BlockCaps.test.ts	4	5	0
src/presentation/geometry/combatBodyAnchors.test.ts	4	8	0
src/core/battle/EnemySpawnPlacement.test.ts	4	8	0
src/data/drop/DropTables.test.ts	4	6	0
src/core/buff2/BuffStore.test.ts	4	8	0
src/core/quest/QuestManager.test.ts	4	5	0
src/core/stage/StageManager.test.ts	4	9	0
src/core/skill/SkillMechanicDescriptions.test.ts	4	6	0
src/core/quest/QuestSystem.lifecycle.test.ts	4	8	0
src/game/scenes/combat/combat-entity-reconciliation.test.ts	4	10	0
src/presentation/geometry/formationSlotBoxes.test.ts	4	5	0
src/core/world-map/HexLayout.test.ts	4	5	0
src/core/equipment/EquipmentBag.test.ts	4	6	0
src/presentation/bridges/theBarBridge.test.ts	4	9	0
src/core/skill/SkillSystem.progression.test.ts	4	7	0
src/presentation/bridges/kiemBarBridge.test.ts	4	15	0
src/game/scenes/TribulationScene.inkWashUi.test.ts	4	1	0
src/core/format/formatDuration.test.ts	4	11	0
src/core/drop/resolveDrops.test.ts	4	8	0
src/core/game/GameManager.decomposeOutput.test.ts	4	1	0
src/core/battle/BattleGrid.test.ts	4	14	0
src/game/scenes/AssetLoaderScene.test.ts	4	5	0
src/presentation/background/DongFuBuildingArt.test.ts	4	5	0
src/core/game/TurnBattleAdapter.test.ts	4	14	0
src/core/stage/EffectiveWaves.test.ts	4	32	0
tests/architecture/staticEntityMotion.test.ts	4	4	0
src/game/scenes/combat/combat-grid-view.spriteVisibility.test.ts	4	2	0
src/presentation/clock/RafClockSource.test.ts	4	5	0
src/presentation/background/DongFuStackLoader.test.ts	4	2	0
src/core/equipment/EquipmentSystem.dissolve.test.ts	4	5	0
src/core/drop/resolveDrops.gating.qa.test.ts	4	3	0
src/core/battle/turn/ActionGauge.adversarial.test.ts	4	1	0
src/stores/ui.test.ts	4	1	0
src/core/skill/PassiveSystem.talentv4.test.ts	4	5	0
src/core/reaction/CanonicalSealBinding.test.ts	4	5	0
tests/architecture/vitalsWriteAuthority.test.ts	4	3	0
src/presentation/geometry/combatEntityScale.test.ts	4	8	0
src/presentation/background/DongFuArt.test.ts	4	2	0
src/core/battle/turn/TurnToken.test.ts	4	8	0
src/core/world-map/WorldMapValidator.test.ts	3	4	0
src/core/game/GameManager.previewDissolveRewards.test.ts	3	1	0
src/core/battle/ActionTargetingSystem.adversarial.test.ts	3	2	0
src/core/production/DecomposeSystem.capacity.test.ts	3	4	0
src/core/equipment/EquipmentDissolve.quote.test.ts	3	4	0
src/core/cultivation/CultivationTick.test.ts	3	7	0
tests/architecture/buildCompositionBoundary.test.ts	3	10	0
src/core/battle/turn/CombatClock.test.ts	3	8	0
src/game/scenes/CombatScene.playerMotion.test.ts	3	2	0
src/core/battle/runtime/scheduler/adapters/ActionGaugeAdapter.test.ts	3	6	0
src/core/drop/DropContext.test.ts	3	9	0
src/services/auth/AuthService.test.ts	3	9	0
src/core/cultivation/CultivationSystem.haiNa.test.ts	3	4	0
src/core/combat/CombatSystem.ailmentDamage.test.ts	3	3	0
src/core/battle/runtime/elemental/elemental.test.ts	3	7	0
src/core/battle/BattlefieldRegions.test.ts	3	10	0
src/presentation/geometry/combatInsets.test.ts	3	9	0
src/composables/uiScale.test.ts	3	5	0
src/core/combat/RealmPressure.test.ts	3	11	0
src/data/vfx/StatusVfxPresets.test.ts	3	8	0
src/game/support/InkWashUiPhaser.test.ts	3	3	0
src/core/battle/turn/TurnStatsRecompute.test.ts	3	5	0
src/core/enemy/EnemySystem.test.ts	3	2	0
src/core/production/WorkforceView.test.ts	3	3	0
src/core/battle/runtime/capability/CapabilityValidatorRegistry.test.ts	3	6	0
src/core/skill/PassiveSystem.phaGiapCarry.test.ts	3	5	0
src/core/skill/SkillSystem.targeting.test.ts	3	7	0
src/core/buff2/ApplicationResolver.test.ts	3	12	0
src/services/cloudSave/CloudSaveCoordinator.test.ts	3	5	0
src/data/companion/Companions.test.ts	3	2	0
src/core/reaction/ReactionBias.test.ts	3	4	0
src/core/skill/SkillResourceLabels.test.ts	3	4	0
src/core/cultivation/CultivationInsight.test.ts	3	6	0
src/core/combat/CombatSkillPresentation.test.ts	3	11	0
src/core/battle/turn/AoeShape.test.ts	3	6	0
src/presentation/gate/PresentationGate.test.ts	3	8	0
src/game/scenes/CombatScene.noWalkSway.test.ts	3	4	0
src/game/support/RewardGourd.test.ts	3	7	0
src/core/companion/CompanionCombat.test.ts	3	4	0
src/core/drop/DropModifier.test.ts	3	7	0
src/data/realm/PhysiqueLadder.test.ts	3	5	0
src/data/enemy/HiddenBeastDrops.test.ts	3	6	0
src/data/drop/StageDropTables.essenceBand.test.ts	3	4	0
src/core/battle/turn/WaveSpawnTrigger.test.ts	3	8	0
src/core/equipment/EquipmentSystem.qualityBonus.test.ts	3	4	0
src/core/battle/BattleCyclePolicy.test.ts	3	3	0
src/core/battle/turn/DebugDamage.test.ts	3	1	0
src/core/equipment/EquipmentSlotManager.test.ts	3	2	0
tests/architecture/sceneHelperBoundaries.test.ts	3	5	0
src/core/combat/Accuracy.test.ts	3	4	0
src/data/materials/materials.test.ts	3	2	0
src/game/support/CombatPreload.test.ts	3	3	0
src/core/reaction/ElementalStateRegistry.test.ts	3	4	0
src/core/stage/ZoneRegistry.test.ts	3	2	0
src/core/pill/PillRework.test.ts	3	3	0
src/core/battle/turn/ResourceTurnHook.test.ts	3	6	0
src/data/talent/BreakthroughTalentPools.test.ts	3	6	0
src/data/skill/Skills.costInvariant.test.ts	3	3	0
src/core/production/WorkerAllocator.test.ts	3	7	0
src/core/reaction/ReactionSelection.test.ts	3	4	0
src/game/scenes/CombatScene.bodyAnchors.test.ts	2	4	0
src/core/equipment/ItemQualityBalance.test.ts	2	7	0
src/data/skill/TurnBasicAttacks.test.ts	2	3	0
src/core/realm/hidden/HiddenFrozenContract.qa.test.ts	2	2	0
src/core/idle/OfflineProgressSystem.test.ts	2	7	0
tests/architecture/enemyArtEnumeration.test.ts	2	3	0
src/core/combat/CombatSystem.manaShield.test.ts	2	4	0
src/core/enemy/Enemy.bossTrigger.test.ts	2	3	0
src/presentation/geometry/BattlefieldRenderMode.test.ts	2	3	0
src/composables/useCombatPause.test.ts	2	2	0
src/core/skill/MortalPrecursors.test.ts	2	3	0
src/core/equipment/canUseItem.test.ts	2	2	0
src/core/stats/StatCap.test.ts	2	6	0
src/data/skill/Skills.rhythm.test.ts	2	2	0
src/core/combat/CombatSystem.damageFloor.test.ts	2	2	0
src/core/player/CultivationPathRoles.test.ts	2	4	0
src/core/battle/runtime/scheduler/adapters/CombatSystemHealAdapter.test.ts	2	3	0
src/core/stats/StatMetadata.test.ts	2	2	0
src/App.routeMountWitness.test.ts	2	3	0
src/bundle-split.test.ts	2	2	0
src/game/scenes/CombatScene.playerScale.test.ts	2	3	0
src/core/battle/runtime/scheduler/adapters/VitalsShieldAdapter.test.ts	2	3	0
src/core/equipment/RefinementBalance.test.ts	2	3	0
src/core/combat/ElementDamageCalculator.test.ts	2	4	0
src/game/scenes/CombatScene.enemyScale.test.ts	2	5	0
src/core/combat/EntityVitalsSystem.test.ts	2	1	0
src/core/equipment/EquipmentNaming.test.ts	2	5	0
src/game/scenes/MainScene.lifecycle.test.ts	2	4	0
tests/architecture/tribulationQueryPurity.test.ts	2	3	0
tests/architecture/nodeBranchCoverage.test.ts	2	2	0
src/core/combat/CombatSystem.undefeatable.test.ts	2	3	0
src/core/drop/DropTable.test.ts	2	3	0
src/core/profession/ProfessionMaterial.test.ts	2	3	0
src/core/battle/turn/ActionGauge.test.ts	2	6	0
src/assets/inkWashUi.test.ts	2	3	0
src/game/scenes/TribulationScene.damageNumbers.test.ts	2	4	0
src/data/enemy/EnemyAlchemyDrops.test.ts	2	1	0
src/services/save/saveKeys.test.ts	2	4	0
tests/architecture/combatSchedulerDormancy.test.ts	2	2	0
src/components/game/combat/CombatSceneOverlay.style.test.ts	2	6	0
src/data/buff/ZoneDotBuffs.test.ts	2	1	0
tests/architecture/ackTokenContract.test.ts	2	4	0
src/core/progression/SkillCoreLevel.test.ts	2	4	0
src/core/math/clamp.test.ts	2	7	0
src/core/enemy/EnemyTag.test.ts	2	7	0
tests/architecture/pointerOwnership.test.ts	2	4	0
src/core/battle/turn/TurnQueue.test.ts	2	5	0
src/core/economy/TuLinhTranBalance.test.ts	2	4	0
src/core/profession/slotRank.test.ts	2	4	0
tests/architecture/artPlaceholderDebt.test.ts	2	3	0
src/data/progression/RealmPassiveLadder.test.ts	2	5	0
src/core/battle/turn/BossTurnTriggers.test.ts	2	3	0
src/core/element/WuxingRelations.test.ts	2	5	0
src/core/item/ItemQuality.test.ts	2	3	0
src/assets/inkWashAssetValidation.test.ts	2	4	0
src/core/production/WorkerCapacity.test.ts	2	5	0
src/core/progression/NodeBranchViews.test.ts	2	3	0
src/presentation/clock/MainProcessClockSource.test.ts	2	1	0
src/data/realm/RealmPassiveNodes.test.ts	2	1	0
tests/architecture/artExtentDeclared.test.ts	2	1	0
src/game/scenes/combat/combat-reward-gourd.test.ts	2	1	0
src/data/enemy/EnemyDropSinkInvariant.test.ts	2	2	0
src/core/buff2/BuffNames.test.ts	2	2	0
src/core/realm/RealmTierMap.test.ts	2	1	0
src/core/game/GameManager.phapTuChain.test.ts	2	1	0
src/game/scenes/combat/CombatGridViewHost.test.ts	2	2	0
src/core/reward/DropRoll.test.ts	2	2	0
src/core/player/Player.test.ts	2	2	0
src/core/presentation/OverlayLayers.test.ts	1	4	0
src/core/pill/PillBag.test.ts	1	1	0
tests/architecture/battleLifecyclePathBoundary.test.ts	1	2	0
src/core/phap-tu/PhapTuState.test.ts	1	2	0
src/data/buff/buffs.registryConsistency.test.ts	1	1	0
src/core/battle/turn/ResourceTurnHook.adversarial.test.ts	1	2	0
src/core/element/ElementType.test.ts	1	2	0
src/core/talent/SurviveLethalGuard.test.ts	1	4	0
src/core/game/PartyFormation.test.ts	1	1	0
tests/architecture/tribulationOutcomeWiring.test.ts	1	2	0
src/core/cultivation/CultivationPose.test.ts	1	1	0
src/core/equipment/EquipmentInstance.test.ts	1	1	0
src/core/presentation/labels.test.ts	1	4	0
tests/architecture/equipmentQuoteContract.test.ts	1	2	0
src/core/material/SpiritStoneMaterial.test.ts	1	2	0
src/core/battle/turn/WaveSpawnTrigger.adversarial.test.ts	1	4	0
src/core/battle/BattleLane.test.ts	1	2	0
src/core/game/TemplateRegistry.test.ts	1	3	0
src/core/stage/EffectiveEnemyCount.test.ts	1	4	0
src/core/battle/turn/TurnBattleSystem.qadebug.test.ts	1	1	0
src/services/cloudSave/CloudSaveServiceFactory.test.ts	1	2	0
src/core/game/GameManager.bossSummon.test.ts	1	1	0
