file	newGameManager	newTBS	fakeTimers	advanceTimers	vueMount	phaserRef	saveCycle	battleSim	bigLoop	tickLoop
src/App.wiring.test.ts	0	0	0	0	0	0	0	0	0	0
src/App.routeMountWitness.test.ts	0	0	0	0	0	0	0	0	0	0
src/bundle-split.test.ts	0	0	0	0	0	0	0	0	0	0
src/game/support/EnemySpawnVfx.test.ts	0	0	0	0	0	2	0	0	0	0
src/game/support/EnemyArt.test.ts	0	0	0	0	0	0	0	0	0	0
src/game/support/CombatPreload.test.ts	0	0	0	0	0	0	0	0	0	0
src/game/support/BattleLayers.test.ts	0	0	0	0	0	0	0	0	0	0
src/game/support/ThanhVanArt.test.ts	0	0	0	0	0	0	0	0	0	0
src/game/support/RewardGourd.test.ts	0	0	0	0	0	0	0	0	0	0
src/game/support/InkWashUiPhaser.test.ts	0	0	0	0	0	0	0	0	0	0
src/game/support/ActionImpactVfx.test.ts	0	0	0	0	0	0	0	0	0	0
src/game/support/ThanhVanBackdrop.test.ts	0	0	0	0	0	0	0	0	0	0
src/game/scenes/TribulationScene.inkWashUi.test.ts	0	0	0	0	0	1	0	0	0	0
src/game/scenes/CombatScene.noWalkSway.test.ts	0	0	0	0	0	0	0	0	0	0
src/game/scenes/AssetLoaderScene.test.ts	0	0	0	0	0	2	1	0	0	0
src/game/scenes/CombatScene.hudWiring.test.ts	0	0	0	0	0	0	0	0	0	0
src/game/scenes/CombatScene.floatingStatusText.test.ts	0	0	0	0	0	0	0	0	0	0
src/game/scenes/CombatScene.playerScale.test.ts	0	0	0	0	0	0	0	0	0	0
src/game/scenes/TranPhapCombatPreviewScene.test.ts	0	0	0	0	0	0	0	0	0	0
src/game/scenes/CombatScene.positionSmoothing.test.ts	0	0	0	0	0	0	0	0	0	0
src/game/scenes/CombatScene.actionPlayback.test.ts	0	0	0	0	0	0	0	0	0	0
src/game/scenes/CombatScene.spawnVfx.test.ts	0	0	0	0	0	0	0	0	0	0
src/game/scenes/CombatScene.eventSubscriptionSymmetry.test.ts	0	0	0	0	0	0	0	0	0	0
src/game/scenes/CombatScene.lifecycle.test.ts	0	0	0	0	0	0	0	0	0	0
src/game/scenes/CombatScene.playerMotion.test.ts	0	0	0	0	0	0	0	0	0	0
src/game/scenes/CombatScene.enemyScale.test.ts	0	0	0	0	0	0	0	0	0	0
src/game/scenes/CombatScene.turnCountdownSpawn.test.ts	0	0	0	0	0	0	0	0	0	0
src/game/scenes/CombatScene.backgroundLifecycle.test.ts	0	0	0	0	0	0	0	0	0	0
src/game/scenes/TribulationScene.damageNumbers.test.ts	0	0	0	0	0	1	0	0	0	0
src/game/scenes/CombatScene.combatAnimations.test.ts	0	0	0	0	0	0	0	0	0	0
src/game/scenes/CombatScene.dotPresentation.test.ts	0	0	0	0	0	0	0	0	0	0
src/game/scenes/CombatScene.bodyAnchors.test.ts	0	0	0	0	0	0	0	0	0	0
src/game/scenes/CombatScene.rewardStream.test.ts	0	0	0	0	0	0	0	0	0	0
src/game/scenes/MainScene.lifecycle.test.ts	0	0	0	0	0	0	0	0	0	0
src/game/scenes/combat/combat-entity-visual-lifecycle.test.ts	0	0	0	0	0	0	0	0	0	0
src/game/scenes/combat/combat-grid-view.spriteVisibility.test.ts	0	0	0	0	0	0	0	0	0	0
src/game/scenes/combat/combat-vfx-spawner.statusRow.test.ts	0	0	0	0	0	0	0	0	0	0
src/game/scenes/combat/combat-status-tooltip.test.ts	0	0	0	0	0	0	0	0	0	0
src/game/scenes/combat/combat-helpers-encapsulation.qa.test.ts	0	0	0	0	0	0	0	0	0	0
src/game/scenes/combat/combatTextFormat.test.ts	0	0	0	0	0	0	0	0	0	0
src/game/scenes/combat/combat-entity-reconciliation.test.ts	0	0	0	0	0	0	0	0	0	0
src/game/scenes/combat/combat-reward-gourd.test.ts	0	0	0	0	0	0	0	0	0	0
src/game/scenes/combat/PlayerHudLayer.test.ts	0	0	0	0	0	0	0	0	0	0
src/game/scenes/combat/combat-grid-view.test.ts	0	0	0	0	0	0	0	0	0	0
src/game/scenes/combat/CombatGridViewHost.test.ts	0	0	0	0	0	0	0	0	0	0
src/game/scenes/combat/combat-damage-text.test.ts	0	0	0	0	0	0	0	0	0	0
src/presentation/createGamePresentation.test.ts	3	0	0	0	0	0	0	0	0	0
src/presentation/combatRouting.test.ts	1	0	0	0	0	0	0	0	1	0
src/presentation/presentationOwnership.test.ts	0	0	0	0	0	0	0	0	0	0
src/presentation/VueRouteAdapter.test.ts	0	0	0	0	0	0	0	0	0	0
src/presentation/PhaserSceneAdapter.test.ts	0	0	0	0	0	0	0	0	0	0
src/presentation/GamePresentationCoordinator.test.ts	0	0	1	1	0	0	0	0	0	0
src/presentation/sessionHandoff.test.ts	1	0	0	0	0	0	0	0	0	0
src/presentation/tribulationRouting.test.ts	2	0	0	0	0	0	0	0	0	2
src/presentation/assets/AssetBundleManager.test.ts	0	0	0	0	0	0	0	0	0	0
src/presentation/assets/AssetBundleCatalog.test.ts	0	0	0	0	0	0	0	0	0	0
src/presentation/art/PlayerVisualProfiles.test.ts	0	0	0	0	0	0	0	0	0	0
src/presentation/gate/PresentationGate.test.ts	0	0	0	0	0	1	0	0	0	0
src/presentation/audio/combatAudioBinding.test.ts	0	0	0	0	0	0	0	0	0	0
src/presentation/bridges/kiemBarBridge.test.ts	0	0	0	0	0	0	0	0	0	0
src/presentation/bridges/theBarBridge.test.ts	0	0	0	0	0	1	0	0	0	0
src/presentation/clock/RafClockSource.test.ts	0	0	0	0	0	0	0	0	0	0
src/presentation/clock/MainProcessClockSource.test.ts	0	0	0	0	0	0	0	0	0	1
src/presentation/host/useDynamicRegion.test.ts	0	0	0	0	1	1	0	0	0	0
src/presentation/background/DongFuArt.test.ts	0	0	0	0	0	0	0	0	0	0
src/presentation/background/DongFuBuildingArt.test.ts	0	0	0	0	0	0	0	0	0	0
src/presentation/background/DongFuStackLoader.test.ts	0	0	0	0	0	0	0	0	0	0
src/presentation/geometry/BattleGridProjection.test.ts	0	0	0	0	0	0	0	0	0	0
src/presentation/geometry/ProjectionBridge.test.ts	0	0	0	0	0	0	0	0	0	0
src/presentation/geometry/combatEntityScale.test.ts	0	0	0	0	0	0	0	0	0	0
src/presentation/geometry/formationSlotBoxes.test.ts	0	0	0	0	0	0	0	0	0	0
src/presentation/geometry/combatInsets.test.ts	0	0	0	0	0	0	0	0	0	0
src/presentation/geometry/combatBodyAnchors.test.ts	0	0	0	0	0	0	0	0	0	0
src/presentation/geometry/BattlefieldRenderMode.test.ts	0	0	0	0	0	0	0	0	0	0
src/presentation/geometry/formationSlotHitTest.test.ts	0	0	0	0	0	0	0	0	0	0
src/services/supabase/SupabaseHttp.test.ts	0	0	0	0	0	0	0	0	0	0
src/services/supabase/SupabaseSession.test.ts	0	0	0	0	0	0	0	0	0	0
src/services/cloudSave/CloudSaveCoordinator.test.ts	0	0	0	0	0	0	1	0	0	0
src/services/cloudSave/SupabaseRemoteSave.test.ts	0	0	0	0	0	0	3	0	0	0
src/services/cloudSave/CloudSaveServiceFactory.test.ts	0	0	0	0	0	0	0	0	0	0
src/services/cloudSave/LocalCloudSaveService.quota.test.ts	0	0	0	0	0	0	1	0	0	0
src/services/save/saveVersion.test.ts	0	0	0	0	0	0	9	0	0	0
src/services/save/SaveSystem.conformance.test.ts	1	0	0	0	0	0	3	0	0	1
src/services/save/saveShapeValidation.test.ts	0	0	0	0	0	0	2	0	0	0
src/services/save/SaveSystem.restoreIdentity.test.ts	0	0	0	0	0	0	6	0	0	0
src/services/save/SaveSystem.test.ts	0	0	0	0	0	0	28	0	0	0
src/services/save/SaveMigration.test.ts	0	0	0	0	0	0	5	0	0	0
src/services/save/SaveSystem.bootRestore.test.ts	1	0	0	0	0	0	3	0	0	0
src/services/save/SaveRoundTrip.test.ts	1	0	0	0	0	0	5	0	0	0
src/services/save/SaveSystem.talentPassiveRestore.qa.test.ts	1	0	0	0	0	0	3	0	0	0
src/services/save/saveKeys.test.ts	0	0	0	0	0	0	0	0	0	0
src/services/save/SaveSystem.saveLoadRoundTrip.test.ts	1	0	0	0	0	0	15	0	0	1
src/services/save/SaveSystem.snapshotIsolation.test.ts	1	0	0	0	0	0	1	0	0	0
src/services/save/SaveSystem.quota.test.ts	0	0	0	0	0	0	8	0	0	0
src/services/character/CharacterCreationService.test.ts	0	0	0	0	0	0	0	0	0	0
src/services/character/SupabaseCharacterCreationService.contract.test.ts	0	0	0	0	0	0	1	0	0	0
src/services/auth/AuthService.test.ts	0	0	0	0	0	0	0	0	0	0
src/data/building/buildings.rework.test.ts	0	0	0	0	0	0	0	0	0	0
src/data/progression/KiemTuNodes.test.ts	0	0	0	0	0	0	0	0	0	0
src/data/progression/PhapTuNodes.reimagined.test.ts	2	0	0	0	0	0	0	0	0	0
src/data/progression/SkillCoreNodes.test.ts	0	0	0	0	0	0	0	0	0	0
src/data/progression/TheTuAnNodes.test.ts	0	0	0	0	0	0	0	0	0	0
src/data/progression/TheTuNodes.test.ts	0	0	0	0	0	0	0	0	0	0
src/data/progression/RealmPassiveLadder.test.ts	0	0	0	0	0	0	0	0	0	0
src/data/progression/TechniqueGateAuthored.test.ts	0	0	0	0	0	0	0	0	0	0
src/data/vfx/StatusVfxPresets.test.ts	0	0	0	0	0	0	0	0	0	0
src/data/materials/materials.test.ts	0	0	0	0	0	0	0	0	0	0
src/data/companion/Companions.roster.test.ts	0	0	0	0	0	0	0	0	0	0
src/data/companion/Companions.test.ts	0	0	0	0	0	0	0	0	0	0
src/data/breakthrough/BreakthroughGrades.test.ts	0	0	0	0	0	0	0	0	0	0
src/data/stage/ChapterStages.test.ts	0	0	0	0	0	0	0	0	0	0
src/data/stage/Stages.test.ts	0	0	0	0	0	0	0	0	0	0
src/data/formation/TranPhap.test.ts	0	0	0	0	0	0	0	0	0	0
src/data/tribulation/TribulationData.test.ts	0	0	0	0	0	0	0	0	0	0
src/data/buff/BuffRegistry.test.ts	0	0	0	0	0	0	0	0	0	0
src/data/buff/buffs.registryConsistency.test.ts	0	0	0	0	0	0	0	0	0	0
src/data/buff/TheTuBuffs.test.ts	0	0	0	0	0	0	0	0	0	0
src/data/buff/ZoneDotBuffs.test.ts	0	0	0	0	0	0	0	0	0	0
src/data/buff/buffs.test.ts	0	0	0	0	0	0	0	0	0	0
src/data/buff/CompanionBuffs.test.ts	0	0	0	0	0	0	0	0	0	0
src/data/equipment/equipment.test.ts	0	0	0	0	0	0	0	0	0	0
src/data/realm/PhysiqueEssence.test.ts	0	0	0	0	0	0	0	0	0	0
src/data/realm/PhysiqueLadder.test.ts	0	0	0	0	0	0	0	0	0	0
src/data/realm/RealmPassiveNodes.test.ts	0	0	0	0	0	0	0	0	0	0
src/data/enemy/EnemyDropSinkInvariant.test.ts	0	0	0	0	0	0	0	0	0	0
src/data/enemy/Enemies.test.ts	0	0	0	0	0	0	0	0	0	0
src/data/enemy/EnemyAlchemyDrops.test.ts	0	0	0	0	0	0	0	0	0	0
src/data/enemy/HiddenBeastDrops.test.ts	0	0	0	0	0	0	0	0	0	0
src/data/enemy/ChieuHienLenhDrops.test.ts	0	0	0	0	0	0	0	0	0	0
src/data/reaction/ReactionDefinitions.test.ts	0	0	0	0	0	0	0	0	0	0
src/data/drop/StageDropTables.essenceBand.test.ts	0	0	0	0	0	0	0	0	0	0
src/data/drop/DropTables.test.ts	0	0	0	0	0	0	0	0	0	0
src/data/drop/HiddenMaterialChannels.test.ts	0	0	0	0	0	0	0	0	0	0
src/data/talent/BreakthroughTalentPools.test.ts	0	0	0	0	0	0	0	0	0	0
src/data/talent/Talents.test.ts	0	0	0	0	0	0	0	0	0	0
src/data/skill/Skills.rhythm.test.ts	0	0	0	0	0	0	0	0	0	0
src/data/skill/KiemPhoCombos.test.ts	0	0	0	0	0	0	0	0	0	0
src/data/skill/PhapTuRouteSkills.test.ts	0	0	0	0	0	0	0	0	0	2
src/data/skill/Skills.costInvariant.test.ts	0	0	0	0	0	0	0	0	0	0
src/data/skill/KiemPhoOrbs.test.ts	0	0	0	0	0	0	0	0	0	0
src/data/skill/TurnBasicAttacks.test.ts	0	0	0	0	0	0	0	0	0	0
src/data/skill/Skills.chain.test.ts	0	0	0	0	0	0	0	0	0	0
src/data/skill/TurnSkillDisplayMeta.test.ts	0	0	0	0	0	0	0	0	0	0
src/data/skill/TheTuSkills.test.ts	0	0	0	0	0	0	0	0	0	0
src/data/quest/quests.test.ts	0	0	0	0	0	0	0	0	0	0
src/composables/useTribulation.dotPha.test.ts	11	0	3	0	0	0	0	0	0	0
src/composables/useEquipmentTooltip.test.ts	0	0	0	0	0	0	0	0	0	0
src/composables/useSystemRimAuthority.test.ts	0	0	0	0	0	0	0	0	0	0
src/composables/useAppLifecycle.test.ts	0	0	2	0	2	0	4	0	0	0
src/composables/useBagGridLayout.test.ts	0	0	0	0	5	0	0	0	0	0
src/composables/cultivationRitualFlow.integration.test.ts	1	0	0	0	0	0	0	0	0	0
src/composables/uiScale.test.ts	0	0	0	0	0	0	1	0	0	0
src/composables/useCombatPause.test.ts	0	0	0	0	0	0	0	0	0	0
src/composables/useAutoRetryCountdown.test.ts	0	0	4	8	0	0	0	0	0	0
src/composables/useBootFlow.test.ts	0	0	0	0	0	0	0	0	0	0
src/composables/useTribulation.artifact.test.ts	3	0	0	0	0	0	0	0	0	0
src/composables/useTooltip.test.ts	0	0	4	0	0	0	0	0	0	0
src/composables/useStageActive.resultLifecycle.test.ts	0	0	0	0	1	0	0	0	0	0
src/composables/useElectronBridge.test.ts	0	0	0	0	0	0	0	0	0	0
src/composables/useTribulation.seamRepair.test.ts	3	0	0	0	0	0	0	0	0	0
src/composables/usePanelPagination.test.ts	0	0	0	0	2	0	0	0	0	0
src/composables/useBagSort.test.ts	0	0	0	0	0	0	0	0	0	0
src/assets/inkWashAssetValidation.test.ts	0	0	0	0	0	0	0	0	0	0
src/assets/inkWashUi.test.ts	0	0	0	0	0	0	0	0	0	0
src/assets/dongFuBuildingPipeline.test.ts	0	0	0	0	0	0	0	0	0	0
src/assets/dongFuBackgroundAssets.test.ts	0	0	0	0	0	0	0	0	0	0
src/assets/dongFuBuildingAssets.test.ts	0	0	0	0	0	0	0	0	0	0
src/core/building/BuildingSystem.test.ts	0	0	0	0	0	0	0	0	0	0
src/core/world-map/HexLayout.test.ts	0	0	0	0	0	0	0	0	0	0
src/core/world-map/WorldMapValidator.test.ts	0	0	0	0	0	0	0	0	0	0
src/core/progression/NodeBranchViews.test.ts	0	0	0	0	0	0	0	0	0	0
src/core/progression/NodeSystem.vanDao.test.ts	0	0	0	0	0	0	0	0	0	0
src/core/progression/NodeSystem.cores.test.ts	0	0	0	0	0	0	0	0	0	0
src/core/progression/NodeSystem.levelGates.test.ts	0	0	0	0	0	0	0	0	0	0
src/core/progression/NodeSystem.way.test.ts	0	0	0	0	0	0	0	0	0	0
src/core/progression/SkillCoreLevel.test.ts	0	0	0	0	0	0	0	0	0	0
src/core/progression/NodeSystem.test.ts	0	0	0	0	0	0	0	0	0	0
src/core/progression/NodeSystem.route.test.ts	3	0	0	0	0	0	0	0	1	0
src/core/game/GameManagerCompanionOps.test.ts	2	0	0	0	0	0	0	0	0	0
src/core/game/TemplateRegistry.test.ts	0	0	0	0	0	0	0	0	0	0
src/core/game/GameManager.bossSolo.test.ts	1	0	0	0	0	0	0	0	0	0
src/core/game/GameManager.activeTurnBattleStage.test.ts	1	0	0	0	0	0	0	0	0	0
src/core/game/GameManagerTurnBattleOps.idleDrops.test.ts	1	0	4	0	0	0	0	0	0	0
src/core/game/GameManager.timedEffect.test.ts	6	0	0	0	0	0	0	0	0	0
src/core/game/HiddenBeastSystem.test.ts	0	0	0	0	0	0	0	0	1	0
src/core/game/GameManagerSaveRestore.boundary.test.ts	2	0	0	0	0	0	70	0	0	0
src/core/game/BattleLootSystem.artifactDrop.test.ts	0	0	0	0	0	0	0	0	0	0
src/core/game/GameManager.talentv4.test.ts	1	0	0	0	0	0	0	0	0	1
src/core/game/GameManagerProgressionOps.levelGates.test.ts	1	0	0	0	0	0	0	0	0	0
src/core/game/GameManager.autoFarmAdversarial.test.ts	4	0	0	0	0	0	0	0	0	0
src/core/game/GameManager.purchaseNode.test.ts	5	0	0	0	0	0	0	0	0	0
src/core/game/GameManager.bodyChapter.test.ts	1	0	0	0	0	0	0	0	0	0
src/core/game/GameManager.legacySkillRestore.test.ts	2	0	0	0	0	0	4	0	1	0
src/core/game/GameManagerProgressionOps.respec.test.ts	1	0	0	0	0	0	0	0	0	0
src/core/game/GameManager.introPhase.test.ts	1	0	0	0	0	0	0	0	0	1
src/core/game/GameManager.laneAssignment.test.ts	2	0	0	0	0	0	0	0	1	0
src/core/game/GameManager.ngoDaoReaction.test.ts	2	0	0	0	0	0	0	0	1	0
src/core/game/GameManager.enemyClear.test.ts	2	0	0	0	0	0	0	0	1	0
src/core/game/GameManager.kiemPho.test.ts	1	0	0	0	0	0	0	0	0	0
src/core/game/GameManager.washTransaction.test.ts	4	0	0	0	0	0	2	0	0	0
src/core/game/GameManager.mvpLoop.test.ts	1	0	0	0	0	0	0	0	1	0
src/core/game/GameManager.bodyPhysique.test.ts	2	0	0	0	0	0	7	0	0	0
src/core/game/GameManager.reactionReproof.test.ts	2	0	0	0	0	0	1	0	0	0
src/core/game/GameManager.turnStatusVfx.test.ts	2	0	0	0	0	0	0	0	2	0
src/core/game/FormationPlacement.test.ts	1	0	0	0	0	0	0	0	0	0
src/core/game/GameManager.verticalSlice.test.ts	1	0	0	0	0	0	0	0	0	0
src/core/game/GameManager.progressionScope.test.ts	10	0	0	0	0	0	0	0	0	0
src/core/game/GameManager.kiemTuNguWay.test.ts	1	0	0	0	0	0	0	0	0	0
src/core/game/GameManagerSaveRestore.preflight.test.ts	1	0	0	0	0	0	7	0	0	0
src/core/game/GameManager.r81qa.test.ts	1	0	0	0	0	0	5	0	0	0
src/core/game/GameManager.autoFarm.test.ts	1	0	3	0	0	0	0	0	0	0
src/core/game/GameManager.techniqueProgress.test.ts	5	0	0	0	0	0	0	0	0	0
src/core/game/BattleLootSystem.dropResult.test.ts	0	0	0	0	0	0	0	0	0	0
src/core/game/GameManager.turnBattleEnemyWavePosition.test.ts	1	0	0	0	0	0	0	0	1	0
src/core/game/GameManager.hiddenChannel.test.ts	3	0	0	0	0	0	0	0	2	0
src/core/game/GameManager.actionPlayback.test.ts	1	0	0	0	0	0	0	0	0	0
src/core/game/GameManager.previewDissolveRewards.test.ts	1	0	0	0	0	0	0	0	0	0
src/core/game/GameManager.essenceSubstitution.test.ts	2	0	0	0	0	0	0	0	0	0
src/core/game/GameManager.r5Refinement.reaudit.test.ts	2	0	0	0	0	0	0	0	0	0
src/core/game/GameManagerProgressionOps.clawback.test.ts	1	0	0	0	0	0	0	0	0	0
src/core/game/GameManager.equipGate.test.ts	1	0	0	0	0	0	0	0	0	0
src/core/game/GameManager.turnRegenStage.test.ts	1	0	0	0	0	0	0	0	0	0
src/core/game/GameManagerSaveRestore.replace.test.ts	1	0	0	0	0	0	8	0	0	0
src/core/game/GameManager.hiddenLineageRestore.qa.test.ts	1	0	0	0	0	0	1	0	0	0
src/core/game/GameManager.mortalBasicSkill.test.ts	2	0	0	0	0	0	0	0	0	0
src/core/game/GameManager.fixedStepCatchup.test.ts	2	0	0	0	0	0	0	0	0	1
src/core/game/CombatBuild.test.ts	2	0	0	0	0	0	0	0	0	0
src/core/game/BattleLootSystem.talentHooks.test.ts	0	0	0	0	0	0	0	0	0	0
src/core/game/GameManager.zone.test.ts	2	0	0	0	0	0	0	0	0	0
src/core/game/DebugTurnRewards.test.ts	1	0	0	0	0	0	0	0	0	0
src/core/game/CombatTimeClassification.test.ts	0	0	0	0	0	0	0	0	0	0
src/core/game/GameManager.kiemPhoPreset.test.ts	1	0	0	0	0	0	0	0	0	0
src/core/game/GameManager.refineTransaction.test.ts	4	0	0	0	0	0	3	0	0	0
src/core/game/GameManager.statRefresh.test.ts	11	0	0	0	0	0	0	0	2	0
src/core/game/GameManager.talentv4.qa.test.ts	1	0	0	0	0	0	1	0	0	1
src/core/game/GameManager.deadIds.test.ts	0	0	0	0	0	0	0	0	0	0
src/core/game/GameManager.introPhase.qa.test.ts	1	0	0	0	0	0	0	0	0	0
src/core/game/GameManager.nguKiemDao.test.ts	1	0	0	0	0	0	0	0	0	0
src/core/game/PartyFormation.test.ts	0	0	0	0	0	0	0	0	0	0
src/core/game/GameManager.kiemTuState.test.ts	1	0	0	0	0	0	0	0	0	0
src/core/game/GameManager.companionSkillKit.test.ts	1	0	0	0	0	0	0	0	0	0
src/core/game/GameManager.stageRestart.test.ts	1	0	0	0	0	0	0	0	1	0
src/core/game/GameManager.talentM3.test.ts	1	0	0	0	0	0	0	0	0	0
src/core/game/BattleLootSystem.techniqueMastery.test.ts	0	0	0	0	0	0	0	0	0	0
src/core/game/GameManager.questLifecycle.test.ts	2	0	0	0	0	0	2	0	0	0
src/core/game/GameManager.realmPassiveSkill.test.ts	1	0	0	0	0	0	0	0	0	0
src/core/game/GameManager.partyFormation.test.ts	3	0	0	0	0	0	0	0	0	0
src/core/game/GameManager.skillPipelineJourney.test.ts	1	0	0	0	0	0	0	0	1	2
src/core/game/GameManager.overflowSurfacing.test.ts	4	0	0	0	0	0	2	0	0	0
src/core/game/BattleLootSystem.realmReward.test.ts	0	0	0	0	0	0	0	0	0	0
src/core/game/GameManager.artifactGradeUpgrade.test.ts	4	0	0	0	0	0	0	0	0	0
src/core/game/GameManagerTurnBattleOps.turnEngine.test.ts	8	0	2	2	0	0	0	0	0	0
src/core/game/GameManager.phapTuChain.test.ts	0	0	0	0	0	0	0	0	0	0
src/core/game/GameManager.phaGiapCarry.test.ts	4	0	0	0	0	0	0	0	0	0
src/core/game/GameManager.workerCapacity.test.ts	1	0	0	0	0	0	2	0	0	0
src/core/game/GameManager.theTuKit.test.ts	1	0	0	0	0	0	0	0	0	0
src/core/game/GameManager.battleEndPublication.test.ts	1	0	0	0	0	0	0	0	0	0
src/core/game/GameManager.empowerment.test.ts	1	0	0	0	0	0	0	0	0	0
src/core/game/GameManager.perfectClear.feasibility.test.ts	1	0	0	0	0	0	0	0	2	0
src/core/game/GameManager.r7qa.test.ts	1	0	0	0	0	0	3	0	0	1
src/core/game/GameManager.bossRepeatCycle.test.ts	1	0	0	0	0	0	0	0	1	0
src/core/game/GameManager.autoFarmOffline.test.ts	1	0	1	0	0	0	0	0	0	0
src/core/game/GameManager.bossSummon.test.ts	0	0	0	0	0	0	0	0	0	0
src/core/game/GameManager.phapTuAnPath.test.ts	3	0	0	0	0	0	0	0	0	0
src/core/game/GameManager.nghichChuTian.test.ts	1	0	0	0	0	0	0	0	0	0
src/core/game/GameManager.theTuAnE2E.test.ts	1	0	0	0	0	0	1	0	2	1
src/core/game/GameManager.theTuRitual.test.ts	2	0	0	0	0	0	0	0	3	0
src/core/game/GameManagerTurnBattleOps.commandBoundary.test.ts	6	0	0	0	0	0	0	0	0	0
src/core/game/GameManager.coreLevelChain.qa.test.ts	2	0	0	0	0	0	0	0	0	0
src/core/game/GameManager.repeatStage.test.ts	3	0	0	0	0	0	0	0	1	0
src/core/game/GameManager.setArtifactPath.test.ts	4	0	0	0	0	0	0	0	0	0
src/core/game/GameManager.sharedWorkerPool.test.ts	1	0	0	0	0	0	0	0	0	0
src/core/game/GameManager.buildSnapshot.test.ts	2	0	0	0	0	0	0	0	0	0
src/core/game/GameManager.stageProgress.test.ts	1	0	0	0	0	0	0	0	0	0
src/core/game/GameManager.r9qa.test.ts	2	0	0	0	0	0	2	0	0	1
src/core/game/GameManager.realmAdvanceUnequip.test.ts	1	0	0	0	0	0	0	0	0	0
src/core/game/GameManager.autoFarmRestore.test.ts	1	0	4	0	0	0	1	0	0	1
src/core/game/GameManager.ancientBeastTrial.test.ts	1	0	0	0	0	0	0	0	0	0
src/core/game/GameManager.theLifecycle.test.ts	1	0	0	0	0	0	0	0	1	0
src/core/game/GameManager.kiemTuTree.test.ts	1	0	0	0	0	0	0	0	0	0
src/core/game/GameManager.grantRandomEquipmentDrop.test.ts	1	0	0	0	0	0	0	0	0	0
src/core/game/TurnBattleAdapter.test.ts	0	0	0	0	0	0	0	0	0	0
src/core/game/BattleLootSystem.questHook.test.ts	0	0	0	0	0	0	0	0	0	0
src/core/game/GameManagerTurnBattleOps.combatClock.test.ts	4	0	0	0	0	0	0	0	0	0
src/core/game/GameManager.dissolveUnifiedEssence.test.ts	3	0	0	0	0	0	2	0	0	0
src/core/game/GameManager.unequipAll.test.ts	4	0	0	0	0	0	0	0	0	0
src/core/game/GameManager.presentationGate.test.ts	7	0	1	1	0	0	0	0	0	0
src/core/game/GameManager.stageLease.test.ts	1	0	0	0	0	0	0	0	0	0
src/core/game/GameManager.turnManualQa.test.ts	4	0	0	0	0	0	0	0	2	0
src/core/game/GameManager.authoredParity.test.ts	1	0	0	0	0	0	0	0	2	0
src/core/game/GameManager.turnManualMode.test.ts	1	0	0	0	0	0	0	0	1	0
src/core/game/GameManager.castCount.test.ts	1	0	0	0	0	0	0	0	1	0
src/core/game/GameManager.tuLinhTran.test.ts	1	0	0	0	0	0	0	0	0	0
src/core/game/GameManager.dotPha.test.ts	6	0	0	0	0	0	0	0	0	0
src/core/game/GameManager.battleCycle.test.ts	1	0	0	0	0	0	0	0	4	0
src/core/game/GameManager.surviveOpIds.qa.test.ts	1	0	0	0	0	0	0	0	0	0
src/core/game/GameManager.battleTeardown.test.ts	1	0	0	0	0	0	0	0	1	0
src/core/game/SkillInventoryParity.qa.test.ts	0	0	0	0	0	0	0	0	0	0
src/core/game/GameManager.decomposeOutput.test.ts	1	0	0	0	0	0	0	0	0	0
src/core/game/GameManager.skillInsightReward.test.ts	2	0	0	0	0	0	0	0	0	0
src/core/game/NotificationQueue.test.ts	2	0	0	0	0	0	0	0	0	0
src/core/game/GameManager.theTuE2E.test.ts	1	0	0	0	0	0	1	0	0	1
src/core/game/GameManager.vendor.test.ts	1	0	0	0	0	0	0	0	0	0
src/core/game/GameManagerSaveRestore.onceOnlySettle.test.ts	2	0	0	0	0	0	8	0	0	0
src/core/game/GameManager.perfectClear.test.ts	2	0	0	0	0	0	0	0	4	1
src/core/game/GameManager.combatTechnique.test.ts	5	0	0	0	0	0	0	0	0	0
src/core/game/GameManager.cultivationPathRewards.test.ts	2	0	0	0	0	0	0	0	0	0
src/core/game/BattleLootSystem.companionExp.test.ts	0	0	0	0	0	0	0	0	0	0
src/core/game/BattleLootSystem.healTarget.test.ts	0	0	0	0	0	0	0	0	0	0
src/core/buff2/BuffRegistry.test.ts	0	0	0	0	0	0	0	0	0	0
src/core/buff2/BuffStore.test.ts	0	0	0	0	0	0	0	0	0	0
src/core/buff2/BuffAcceptance.test.ts	0	0	0	0	0	0	0	0	0	0
src/core/buff2/BuffPersistence.test.ts	0	0	0	0	0	0	0	0	0	0
src/core/buff2/BuffModifierEngine.test.ts	0	0	0	0	0	0	0	0	0	0
src/core/buff2/BuffPeriodic.test.ts	0	0	0	0	0	0	0	0	0	0
src/core/buff2/BuffStacks.test.ts	0	0	0	0	0	0	0	0	0	0
src/core/buff2/BuffSystemApply.test.ts	0	0	0	0	0	0	0	0	0	0
src/core/buff2/BuffCleanse.test.ts	0	0	0	0	0	0	0	0	0	0
src/core/buff2/BuffSystem.r4-cleanse.reaudit.test.ts	0	0	0	0	0	0	0	0	0	0
src/core/buff2/BuffLifecycle.test.ts	0	0	0	0	0	0	0	0	0	0
src/core/buff2/BuffOrdering.test.ts	0	0	0	0	0	0	0	0	0	0
src/core/buff2/BuffNames.test.ts	0	0	0	0	0	0	0	0	0	0
src/core/buff2/ApplicationResolver.test.ts	0	0	0	0	0	0	0	0	0	0
src/core/buff2/BuffQuery.test.ts	0	0	0	0	0	0	0	0	0	0
src/core/buff2/BuffConversion.test.ts	0	0	0	0	0	0	0	0	0	0
src/core/alchemy/AlchemySystem.test.ts	0	0	0	0	0	0	0	0	0	13
src/core/presentation/PresentationSession.test.ts	0	0	1	1	0	0	0	0	0	0
src/core/presentation/OverlayLayers.test.ts	0	0	0	0	0	0	0	0	0	0
src/core/presentation/ActionAvailability.test.ts	0	0	0	0	0	0	0	0	0	0
src/core/presentation/labels.test.ts	0	0	0	0	0	0	0	0	0	0
src/core/reward/DropRoll.test.ts	0	0	0	0	0	0	0	0	0	0
src/core/companion/CompanionGifts.wiring.test.ts	3	0	1	0	0	0	0	0	0	0
src/core/companion/CompanionCombat.test.ts	0	0	0	0	0	0	0	0	0	0
src/core/companion/CompanionGifts.test.ts	0	0	0	0	0	0	0	0	0	0
src/core/companion/CompanionProgression.test.ts	0	0	0	0	0	0	0	0	0	0
src/core/companion/CompanionGacha.test.ts	0	0	0	0	0	0	0	0	0	0
src/core/phap-tu/PhapTuRoutes.test.ts	7	0	0	0	0	0	0	0	0	0
src/core/phap-tu/PhapTuPath.way.test.ts	1	0	0	0	0	0	0	0	0	0
src/core/phap-tu/PhapTuState.test.ts	0	0	0	0	0	0	0	0	0	0
src/core/math/clamp.test.ts	0	0	0	0	0	0	0	0	0	0
src/core/the-tu/TheTuPath.way.test.ts	1	0	0	0	0	0	0	0	0	0
src/core/cultivation/CultivationSystem.haiNa.test.ts	0	0	0	0	0	0	0	0	0	0
src/core/cultivation/CultivationPose.test.ts	0	0	0	0	0	0	0	0	0	0
src/core/cultivation/CultivationInsight.test.ts	0	0	0	0	0	0	1	0	0	0
src/core/cultivation/CultivationSystem.test.ts	0	0	0	0	0	0	0	0	0	0
src/core/cultivation/CultivationTick.test.ts	0	0	0	0	0	0	0	1	0	0
src/core/player/CultivationPathRoles.test.ts	0	0	0	0	0	0	0	0	0	0
src/core/player/CultivationPathRuntime.test.ts	2	0	0	0	0	0	0	0	0	0
src/core/player/PlayerStatAssembly.test.ts	2	0	0	0	0	0	0	0	0	0
src/core/player/CultivationPathContract.test.ts	0	0	0	0	0	0	0	0	0	0
src/core/player/CultivationPathKit.test.ts	0	0	0	0	0	0	0	0	0	0
src/core/player/Player.test.ts	0	0	0	0	0	0	0	0	0	0
src/core/player/CultivationPathSystem.test.ts	0	0	0	0	0	0	0	0	0	0
src/core/profession/ProfessionGrade.test.ts	0	0	0	0	0	0	0	0	0	0
src/core/profession/ProfessionValidators.test.ts	0	0	0	0	0	0	0	0	0	0
src/core/profession/EconomySimulation.test.ts	0	0	0	0	0	0	0	0	0	0
src/core/profession/ProfessionDataIntegrity.test.ts	0	0	0	0	0	0	0	0	0	0
src/core/profession/ProfessionMaterial.test.ts	0	0	0	0	0	0	0	0	0	0
src/core/profession/slotRank.test.ts	0	0	0	0	0	0	0	0	0	0
src/core/technique/TechniqueSystem.test.ts	0	0	0	0	0	0	0	0	0	0
src/core/technique/TechniqueProgression.test.ts	0	0	0	0	0	0	0	0	0	0
src/core/stage/StageManager.test.ts	0	0	0	0	0	0	0	0	0	0
src/core/stage/EffectiveWaves.test.ts	0	0	0	0	0	0	0	0	0	0
src/core/stage/ProgressStageResolver.test.ts	1	0	0	0	0	0	0	0	0	0
src/core/stage/EffectiveEnemyCount.test.ts	0	0	0	0	0	0	0	0	0	0
src/core/stage/ZoneRegistry.test.ts	0	0	0	0	0	0	0	0	0	0
src/core/tribulation/BreakthroughOutcomeService.test.ts	6	0	1	0	0	0	0	0	0	0
src/core/tribulation/TribulationOutcomeSettlement.test.ts	9	0	3	0	0	0	0	0	0	0
src/core/tribulation/TribulationOutcomeService.test.ts	14	0	3	0	0	0	0	0	0	0
src/core/tribulation/TribulationDirector.restoreLeak.qa.test.ts	1	0	1	0	0	0	1	0	0	0
src/core/tribulation/TribulationDirector.persist.test.ts	5	0	1	0	0	0	6	0	0	0
src/core/tribulation/BreakthroughOutcomeService.qa.test.ts	2	0	1	0	0	0	0	0	0	0
src/core/tribulation/TribulationDirector.test.ts	0	0	0	0	0	0	0	0	0	0
src/core/tribulation/TribulationDirector.loiKiep.test.ts	0	0	0	0	0	0	0	0	0	0
src/core/tribulation/TribulationOutcomeService.loiKiep.test.ts	5	0	1	0	0	0	0	0	0	0
src/core/tribulation/TribulationDirector.hiddenTypePersist.qa.test.ts	2	0	1	0	0	0	2	0	0	0
src/core/tribulation/TribulationDirector.terminal.test.ts	0	0	0	0	0	0	0	0	0	0
src/core/tribulation/TribulationOutcomeService.startSide.test.ts	2	0	1	0	0	0	0	0	0	0
src/core/battle/EnemySpawnPlacement.test.ts	0	0	0	0	0	0	0	0	0	0
src/core/battle/BattleCyclePolicy.test.ts	0	0	0	0	0	0	0	0	0	0
src/core/battle/ActionTargetingSystem.adversarial.test.ts	0	0	0	0	0	0	0	0	0	0
src/core/battle/BattleGrid.test.ts	0	0	0	0	0	0	0	0	0	0
src/core/battle/BattleLane.test.ts	0	0	0	0	0	0	0	0	0	0
src/core/battle/BattlefieldRegions.test.ts	0	0	0	0	0	0	0	0	0	0
src/core/battle/SeededRandom.test.ts	0	0	0	0	0	0	0	0	0	0
src/core/battle/CombatAiStrategy.test.ts	0	0	0	0	0	0	0	0	0	0
src/core/battle/contracts/operations.cleanse-limit.test.ts	0	0	0	0	0	0	0	0	0	0
src/core/battle/contracts/operations.test.ts	0	0	0	0	0	0	0	0	0	0
src/core/battle/turn/TurnBattleSystem.troFollowUp.test.ts	0	1	0	0	0	0	0	0	0	0
src/core/battle/turn/TurnActionPresentationEvents.test.ts	0	0	0	0	0	0	0	0	0	0
src/core/battle/turn/WaveSpawnTrigger.adversarial.test.ts	0	0	0	0	0	0	0	0	0	0
src/core/battle/turn/TurnStatsRecompute.test.ts	0	0	0	0	0	0	0	0	0	0
src/core/battle/turn/TurnBattleSystem.reactiveBypass.test.ts	0	9	0	0	0	0	0	0	0	0
src/core/battle/turn/TurnOrderPreview.test.ts	0	1	0	0	0	0	0	0	0	0
src/core/battle/turn/TurnBattleSystem.contract.test.ts	0	1	0	0	0	0	0	0	0	0
src/core/battle/turn/TurnBattleSystem.anKit.test.ts	0	1	0	0	0	0	0	0	0	0
src/core/battle/turn/TurnBattleSystem.theEconomy.test.ts	0	5	0	0	0	0	0	0	0	0
src/core/battle/turn/TurnBattleSystem.bossTriggerUnknownId.qa.test.ts	0	1	0	0	0	0	0	0	0	0
src/core/battle/turn/TurnBattleSystem.qadebug.test.ts	0	0	0	0	0	0	0	0	0	0
src/core/battle/turn/TurnBattleSystem.attackEvent.qa.test.ts	0	1	0	0	0	0	0	0	0	0
src/core/battle/turn/CombatClock.test.ts	0	0	0	0	0	0	0	0	0	0
src/core/battle/turn/TurnSkillAction.test.ts	0	0	0	0	0	0	0	0	0	0
src/core/battle/turn/CombatAnimationRuntime.r5.reaudit.test.ts	0	1	0	0	0	0	0	0	0	0
src/core/battle/turn/TurnBattleSystem.empowerment.test.ts	0	1	0	0	0	0	0	0	0	0
src/core/battle/turn/TurnSkillAction.adversarial.test.ts	0	2	0	0	0	0	0	0	0	0
src/core/battle/turn/ActionValidator.test.ts	0	0	0	0	0	0	0	0	0	0
src/core/battle/turn/TurnBattleSystem.rounds.test.ts	0	1	0	0	0	0	0	0	0	0
src/core/battle/turn/TurnBattleSystem.dotSource.qa.test.ts	0	3	0	0	0	0	0	0	0	0
src/core/battle/turn/TurnBattleSystem.slice3qa.test.ts	0	5	0	0	0	0	0	0	0	0
src/core/battle/turn/TurnBattleSystem.stanceBuffs.test.ts	0	6	0	0	0	0	0	0	0	0
src/core/battle/turn/TurnQueue.test.ts	0	0	0	0	0	0	0	0	0	0
src/core/battle/turn/DebugDamage.test.ts	0	0	0	0	0	0	0	0	0	0
src/core/battle/turn/TurnBattleSystem.consumeDamage.test.ts	0	1	0	0	0	0	0	0	0	0
src/core/battle/turn/TurnBattleSystem.companionSupport.test.ts	0	7	0	0	0	0	0	0	0	0
src/core/battle/turn/TurnBattleSystem.appliesBuffUnknownId.qa.test.ts	0	3	0	0	0	0	0	0	0	0
src/core/battle/turn/TurnBattleSystem.theTuAnRiders.test.ts	0	1	0	0	0	0	0	0	0	0
src/core/battle/turn/TurnBattleSystem.appliesBuffs.test.ts	0	8	0	0	0	0	0	0	0	0
src/core/battle/turn/ActionGauge.adversarial.test.ts	0	0	0	0	0	0	0	0	0	0
src/core/battle/turn/WaveSpawnTrigger.test.ts	0	0	0	0	0	0	0	0	0	0
src/core/battle/turn/TurnBattleSystem.selfBuff.qa.test.ts	0	3	0	0	0	0	0	0	0	0
src/core/battle/turn/TurnPipeline.test.ts	0	0	0	0	0	0	0	0	0	0
src/core/battle/turn/TurnStatusPresentationEvents.test.ts	0	0	0	0	0	0	0	0	0	0
src/core/battle/turn/TurnBattleSystem.chargeCcInteraction.test.ts	0	1	0	0	0	0	0	0	0	0
src/core/battle/turn/TurnBattleSystem.camCong.test.ts	0	1	0	0	0	0	0	0	0	0
src/core/battle/turn/TurnBattleSystem.specialAttacks.test.ts	0	1	0	0	0	0	0	0	0	0
src/core/battle/turn/TurnBattleSystem.compositePicks.qa.test.ts	0	3	0	0	0	0	0	0	0	0
src/core/battle/turn/TurnBattleSystem.hoIntercept.test.ts	0	2	0	0	0	0	0	0	0	0
src/core/battle/turn/TurnBattleSystem.actionPlayback.test.ts	0	7	0	0	0	0	0	0	0	0
src/core/battle/turn/TurnBattleSystem.batTu.test.ts	0	4	0	0	0	0	0	0	0	0
src/core/battle/turn/TurnBattleSystem.followUpQueue.test.ts	0	1	0	0	0	0	0	0	0	1
src/core/battle/turn/TurnBattleSystem.stacksPerAffectedTarget.test.ts	0	1	0	0	0	0	0	0	0	0
src/core/battle/turn/TurnBattleSystem.midImpactDeath.test.ts	0	1	0	0	0	0	0	0	0	0
src/core/battle/turn/CombatAnimationRuntime.test.ts	0	4	0	0	0	0	0	0	0	0
src/core/battle/turn/BossTurnTriggers.test.ts	0	0	0	0	0	0	0	0	0	0
src/core/battle/turn/TurnQueue.adversarial.test.ts	0	0	0	0	0	0	0	0	0	0
src/core/battle/turn/TurnBattleSystem.taunt.test.ts	0	3	0	0	0	0	0	0	0	0
src/core/battle/turn/TurnBattleSystem.detonate.test.ts	0	1	0	0	0	0	0	0	0	2
src/core/battle/turn/TurnBuffIdentity.test.ts	0	1	0	0	0	0	0	0	0	0
src/core/battle/turn/TurnBattleSystem.effectiveSpeed.test.ts	0	1	0	0	0	0	0	0	0	0
src/core/battle/turn/TurnBattleSystem.slice5qa.test.ts	0	3	0	0	0	0	0	0	0	0
src/core/battle/turn/AoeShape.test.ts	0	0	0	0	0	0	0	0	0	0
src/core/battle/turn/TurnBattleSystem.onSkillCast.test.ts	0	5	0	0	0	0	0	0	0	0
src/core/battle/turn/ActionGauge.test.ts	0	0	0	0	0	0	0	0	0	0
src/core/battle/turn/TurnBattleSystem.theResource.test.ts	0	4	0	0	0	0	0	0	0	0
src/core/battle/turn/TurnBattleSystem.turnRegen.test.ts	0	7	0	0	0	0	0	0	1	0
src/core/battle/turn/TurnBattleSystem.party.test.ts	0	4	0	0	0	0	0	0	1	0
src/core/battle/turn/TurnBattleSystem.test.ts	0	61	0	0	0	0	0	0	1	1
src/core/battle/turn/TurnBattleSystem.determinism.test.ts	0	1	0	0	0	0	0	0	0	0
src/core/battle/turn/ResourceTurnHook.test.ts	0	0	0	0	0	0	0	0	0	0
src/core/battle/turn/TurnBattleSystem.dynamicBasic.test.ts	0	2	0	0	0	0	0	0	0	0
src/core/battle/turn/TurnBattleSystem.reflection.test.ts	0	1	0	0	0	0	0	0	0	0
src/core/battle/turn/TurnBattleSystem.skillPlan.test.ts	0	2	0	0	0	0	0	0	0	0
src/core/battle/turn/ResourceTurnHook.adversarial.test.ts	0	0	0	0	0	0	0	0	0	0
src/core/battle/turn/TurnBattleSystem.missingHp.test.ts	0	6	0	0	0	0	0	0	0	0
src/core/battle/turn/TurnSkillExecution.test.ts	0	1	0	0	0	0	0	0	0	0
src/core/battle/turn/TurnBattleSystem.externalWard.test.ts	0	1	0	0	0	0	0	0	0	0
src/core/battle/turn/TurnBattleSystem.rngContract.test.ts	1	0	0	0	0	0	0	0	1	0
src/core/battle/turn/TurnBattleSystem.adversarial.test.ts	0	2	0	0	0	0	0	0	0	0
src/core/battle/turn/TurnBattleSystem.hitResolution.qa.test.ts	0	2	0	0	0	0	0	0	0	0
src/core/battle/turn/TurnBuffSystem.reactiveTrigger.test.ts	0	1	0	0	0	0	0	0	0	0
src/core/battle/turn/TurnToken.test.ts	0	0	0	0	0	0	0	0	0	0
src/core/battle/turn/TurnBattleSystem.slice4qa.test.ts	0	4	0	0	0	0	0	0	0	0
src/core/battle/runtime/rng/rng.test.ts	0	0	0	0	0	0	0	0	1	0
src/core/battle/runtime/elemental/elemental.test.ts	0	0	0	0	0	0	0	0	0	0
src/core/battle/runtime/scheduler/CombatScheduler.test.ts	0	0	0	0	0	0	0	0	0	0
src/core/battle/runtime/scheduler/CombatOperationExecutor.test.ts	0	0	0	0	0	0	0	0	0	0
src/core/battle/runtime/scheduler/CombatBatchRunner.test.ts	0	0	0	0	0	0	0	0	0	0
src/core/battle/runtime/scheduler/CombatScheduler.review-round-2.test.ts	0	0	0	0	0	0	0	0	0	0
src/core/battle/runtime/scheduler/CombatTraceExporter.test.ts	0	0	0	0	0	0	0	0	0	0
src/core/battle/runtime/scheduler/adapters/CombatSystemHealAdapter.test.ts	0	0	0	0	0	0	0	0	0	0
src/core/battle/runtime/scheduler/adapters/EntityResourceAdapter.test.ts	0	0	0	0	0	0	0	0	0	0
src/core/battle/runtime/scheduler/adapters/CombatSystemDamageAdapter.test.ts	0	0	0	0	0	0	0	0	0	0
src/core/battle/runtime/scheduler/adapters/VitalsShieldAdapter.test.ts	0	0	0	0	0	0	0	0	0	0
src/core/battle/runtime/scheduler/adapters/ActionGaugeAdapter.test.ts	0	0	0	0	0	0	0	0	0	0
src/core/battle/runtime/capability/CapabilityValidatorRegistry.test.ts	0	0	0	0	0	0	0	0	0	0
src/core/item/ItemRoll.test.ts	0	0	0	0	0	0	0	0	3	0
src/core/item/ItemQuality.test.ts	0	0	0	0	0	0	0	0	0	0
src/core/stats/StatCap.test.ts	0	0	0	0	0	0	0	0	0	0
src/core/stats/StatLabels.test.ts	0	0	0	0	0	0	0	0	0	0
src/core/stats/StatMetadata.test.ts	0	0	0	0	0	0	0	0	0	0
src/core/stats/StatCalculator.theTu.test.ts	0	0	0	0	0	0	0	0	0	0
src/core/stats/StatDomain.test.ts	0	0	0	0	0	0	0	0	0	0
src/core/stats/StatCalculator.turnConversion.test.ts	0	0	0	0	0	0	0	0	0	0
src/core/artifact/ArtifactProgression.test.ts	0	0	0	0	0	0	0	0	0	0
src/core/audio/AudioManager.test.ts	0	0	4	2	0	0	0	0	0	0
src/core/equipment/deadReferences.test.ts	0	0	0	0	0	0	0	0	0	0
src/core/equipment/EquipmentWash.test.ts	0	0	0	0	0	0	0	0	0	1
src/core/equipment/EquipmentInstance.test.ts	0	0	0	0	0	0	0	0	0	0
src/core/equipment/EquipmentSystem.dissolve.test.ts	0	0	0	0	0	0	0	0	0	0
src/core/equipment/EquipmentSystem.qualityBonus.test.ts	0	0	0	0	0	0	0	0	0	0
src/core/equipment/EquipmentBag.autoDissolve.test.ts	0	0	0	0	0	0	0	0	0	0
src/core/equipment/RefinementBalance.test.ts	0	0	0	0	0	0	0	0	0	0
src/core/equipment/EnhanceSlotLevel.test.ts	0	0	0	0	0	0	0	0	0	0
src/core/equipment/EquipmentInstanceSnapshot.test.ts	0	0	0	0	0	0	0	0	0	0
src/core/equipment/canUseItem.test.ts	0	0	0	0	0	0	0	0	0	0
src/core/equipment/ItemQualityBalance.test.ts	0	0	0	0	0	0	0	0	0	0
src/core/equipment/EquipmentRefine.test.ts	0	0	0	0	0	0	0	0	0	0
src/core/equipment/EquipmentBag.test.ts	0	0	0	0	0	0	0	0	0	0
src/core/equipment/EquipmentSystem.test.ts	0	0	0	0	0	0	0	0	4	0
src/core/equipment/EquipmentSlotManager.test.ts	0	0	0	0	0	0	0	0	0	0
src/core/equipment/EquipmentDissolve.test.ts	0	0	0	0	0	0	0	0	0	0
src/core/equipment/EquipmentOperationCostCatalog.test.ts	0	0	0	0	0	0	0	0	0	0
src/core/equipment/EquipmentWash.pending.test.ts	0	0	0	0	0	0	0	0	0	0
src/core/equipment/EquipmentStatPolicy.test.ts	0	0	0	0	0	0	0	0	0	0
src/core/equipment/EquipmentDissolve.quote.test.ts	0	0	0	0	0	0	0	0	0	0
src/core/equipment/EnhanceCurve.test.ts	0	0	0	0	0	0	0	0	0	0
src/core/equipment/EquipmentNaming.test.ts	0	0	0	0	0	0	0	0	0	0
src/core/equipment/EquipmentSystem.wash.test.ts	0	0	0	0	0	0	0	0	0	0
src/core/production/DecomposeSystem.test.ts	0	0	0	0	0	0	0	0	0	28
src/core/production/WorkerAllocator.test.ts	0	0	0	0	0	0	0	0	0	0
src/core/production/ProductionCycles.test.ts	0	0	0	0	0	0	0	0	1	0
src/core/production/WorkerCapacity.test.ts	0	0	0	0	0	0	0	0	0	0
src/core/production/WorkforceView.test.ts	0	0	0	0	0	0	0	0	0	0
src/core/production/ProductionSystem.test.ts	0	0	0	0	0	0	0	0	3	0
src/core/production/ProductionSystem.realmTier.test.ts	0	0	0	0	0	0	0	0	1	0
src/core/production/ProductionSystem.quote.test.ts	0	0	0	0	0	0	0	0	0	0
src/core/production/DecomposeSystem.capacity.test.ts	0	0	0	0	0	0	0	0	0	0
src/core/production/ProductionOffline.test.ts	0	0	0	0	0	0	0	0	0	0
src/core/production/ProductionSystem.offlineParity.test.ts	0	0	0	0	0	0	0	0	0	0
src/core/production/DecomposeSystem.saveRestore.test.ts	0	0	0	0	0	0	0	0	0	9
src/core/production/ProductionBalance.simulation.test.ts	0	0	0	0	0	0	0	0	0	2
src/core/production/ProductionSystem.workers.test.ts	0	0	0	0	0	0	0	0	0	0
src/core/format/NumberFormatter.test.ts	0	0	0	0	0	0	0	0	0	0
src/core/format/formatDuration.test.ts	0	0	0	0	0	0	0	0	0	0
src/core/realm/ReleasePolicy.test.ts	2	0	0	0	0	0	0	0	0	0
src/core/realm/ReleasePolicy.artifactDeferred.test.ts	3	0	0	0	0	0	0	0	0	0
src/core/realm/RealmTierMap.test.ts	0	0	0	0	0	0	0	0	0	0
src/core/realm/hidden/HiddenLineage.test.ts	0	0	0	0	0	0	0	0	0	0
src/core/realm/hidden/AncientBeastTrial.test.ts	0	0	0	0	0	0	0	0	0	0
src/core/realm/hidden/HiddenBreakthrough.test.ts	0	0	0	0	0	0	0	0	0	0
src/core/realm/hidden/HiddenPerfection.test.ts	0	0	0	0	0	0	0	0	0	0
src/core/realm/hidden/HiddenFrozenContract.qa.test.ts	0	0	0	0	0	0	0	0	0	0
src/core/realm/hidden/NghichChuTian.test.ts	0	0	0	0	0	0	0	0	0	0
src/core/realm/hidden/QuanTheDiversion.test.ts	0	0	0	0	0	0	0	0	0	0
src/core/realm/body/BodyRefinementChapter.test.ts	0	0	0	0	0	0	0	0	0	0
src/core/realm/body/BodyProgressionSystem.test.ts	0	0	0	0	0	0	0	0	0	0
src/core/realm/body/MeridianChapter.test.ts	0	0	0	0	0	0	0	0	0	0
src/core/realm/body/BodyChapter.test.ts	0	0	0	0	0	0	0	0	0	0
src/core/realm/body/ZhouTianChapter.test.ts	0	0	0	0	0	0	0	0	0	0
src/core/realm/body/BodyProgressionSystem.physique.test.ts	0	0	0	0	0	0	0	0	0	0
src/core/realm/body/MeridianPages.test.ts	0	0	0	0	0	0	0	0	0	0
src/core/realm/body/BodyChapterEssenceSubstitution.test.ts	0	0	0	0	0	0	0	0	0	0
src/core/realm/body/BodyBaseStatAssembly.test.ts	0	0	0	0	0	0	0	0	0	0
src/core/idle/OfflineProgressSystem.test.ts	0	0	0	0	0	0	0	0	0	0
src/core/enemy/EnemyTag.test.ts	0	0	0	0	0	0	0	0	0	0
src/core/enemy/EnemyStatInput.test.ts	0	0	0	0	0	0	0	0	0	0
src/core/enemy/Enemy.bossTrigger.test.ts	0	0	0	0	0	0	0	0	0	0
src/core/enemy/EnemySystem.test.ts	0	0	0	0	0	0	0	0	0	0
src/core/skilldef/SkillDefinition.test.ts	0	0	0	0	0	0	0	0	0	0
src/core/skilldef/LegacySkillAdapter.converter.test.ts	0	0	0	0	0	0	0	0	0	0
src/core/skilldef/SkillResolver.test.ts	0	0	0	0	0	0	3	0	0	0
src/core/skilldef/SkillPlanReads.test.ts	0	0	0	0	0	0	0	0	0	0
src/core/skilldef/SkillCastCommit.test.ts	0	0	0	0	0	0	0	0	0	0
src/core/skilldef/ResolvedSkillPlan.test.ts	0	0	0	0	0	0	0	0	0	0
src/core/skilldef/SkillExecutor.test.ts	0	0	0	0	0	0	0	0	0	0
src/core/skilldef/LegacySkillCoverage.test.ts	0	0	0	0	0	0	0	0	0	0
src/core/skilldef/SkillDefinitionRegistry.test.ts	0	0	0	0	0	0	0	0	0	0
src/core/skilldef/SkillSubcast.test.ts	0	0	0	0	0	0	0	0	0	0
src/core/skilldef/LegacySkillAdapter.test.ts	0	0	0	0	0	0	0	0	0	0
src/core/reaction/ReactionBatch.test.ts	0	0	0	0	0	0	0	0	0	0
src/core/reaction/ReactionBias.test.ts	0	0	0	0	0	0	0	0	0	0
src/core/reaction/ReactionGate.unwired.test.ts	0	0	0	0	0	0	0	0	0	0
src/core/reaction/ReactionDeterminism.test.ts	0	0	0	0	0	0	0	0	1	0
src/core/reaction/ReactionSnapshot.test.ts	0	0	0	0	0	0	0	0	0	0
src/core/reaction/ReactionBoard.test.ts	0	0	0	0	0	0	0	0	0	0
src/core/reaction/ReactionSelection.test.ts	0	0	0	0	0	0	0	0	0	0
src/core/reaction/CanonicalSealBinding.test.ts	0	0	0	0	0	0	0	0	0	0
src/core/reaction/ReactionTriggerGate.test.ts	0	0	0	0	0	0	0	0	0	0
src/core/reaction/ReactionPayoff.khac.test.ts	0	0	0	0	0	0	0	0	0	0
src/core/reaction/ElementalStateRegistry.test.ts	0	0	0	0	0	0	0	0	0	0
src/core/reaction/ReactionPayoff.sinh.test.ts	0	0	0	0	0	0	0	0	0	0
src/core/reaction/ReactionDispatcher.test.ts	0	0	0	0	0	0	0	0	0	0
src/core/reaction/ReactionCandidate.test.ts	0	0	0	0	0	0	0	0	0	0
src/core/reaction/ReactionPayoff.noRecursion.test.ts	0	0	0	0	0	0	0	0	0	0
src/core/reaction/ReactionRegistry.test.ts	0	0	0	0	0	0	0	0	0	0
src/core/reaction/ReactionTrace.test.ts	0	0	0	0	0	0	0	0	0	0
src/core/kiem-tu/NguKiemDao.test.ts	1	0	0	0	0	0	0	0	0	0
src/core/kiem-tu/KiemTuPath.way.test.ts	0	0	0	0	0	0	0	0	0	0
src/core/kiem-tu/NguKiemDaoProvider.test.ts	0	0	0	0	0	0	0	0	0	0
src/core/kiem-tu/KiemPhoSystem.test.ts	0	0	0	0	0	0	0	0	0	0
src/core/kiem-tu/KiemPhoProvider.test.ts	0	0	0	0	0	0	0	0	0	0
src/core/kiem-tu/invariants.test.ts	5	1	0	0	0	0	0	0	0	0
src/core/events/EventBus.test.ts	0	0	0	0	0	0	0	0	0	0
src/core/element/ElementType.test.ts	0	0	0	0	0	0	0	0	0	0
src/core/element/WuxingRelations.test.ts	0	0	0	0	0	0	0	0	0	0
src/core/material/MaterialBag.test.ts	0	0	0	0	0	0	0	0	0	0
src/core/material/SpiritStoneMaterial.test.ts	0	0	0	0	0	0	0	0	0	0
src/core/pill/PillBag.test.ts	0	0	0	0	0	0	0	0	0	0
src/core/pill/PillSystem.profession.test.ts	1	0	0	0	0	0	0	0	0	0
src/core/pill/PillRework.test.ts	0	0	0	0	0	0	0	0	0	0
src/core/drop/DropContext.test.ts	0	0	0	0	0	0	0	0	0	0
src/core/drop/DropModifier.test.ts	0	0	0	0	0	0	0	0	0	0
src/core/drop/dropCharacterization.test.ts	0	0	0	0	0	0	0	0	0	0
src/core/drop/dropEconomy.test.ts	0	0	0	0	0	0	0	0	0	0
src/core/drop/resolveDrops.gating.qa.test.ts	0	0	0	0	0	0	0	0	0	0
src/core/drop/DropTable.test.ts	0	0	0	0	0	0	0	0	0	0
src/core/drop/resolveDrops.test.ts	0	0	0	0	0	0	0	0	0	0
src/core/talent/TalentEntitlement.offerLegality.test.ts	0	0	0	0	0	0	0	0	0	0
src/core/talent/TalentEntitlement.test.ts	0	0	0	0	0	0	0	0	0	0
src/core/talent/SurviveLethalGuard.test.ts	0	0	0	0	0	0	0	0	0	0
src/core/talent/TalentEffects.test.ts	0	0	0	0	0	0	0	0	0	0
src/core/talent/TalentsV4Wiring.test.ts	0	0	0	0	0	0	0	0	0	0
src/core/simulation/BattleSimulation.test.ts	0	0	0	0	0	0	0	19	0	0
src/core/simulation/BattleSimulation.determinism.test.ts	0	0	0	0	0	0	0	13	0	0
src/core/simulation/BattleMetrics.test.ts	5	0	0	0	0	0	0	5	0	0
src/core/simulation/earlygame/EssenceSubstitutionEconomy.test.ts	0	0	0	0	0	0	0	0	0	0
src/core/simulation/earlygame/RngLeakProbe.test.ts	0	0	0	0	0	0	0	3	0	0
src/core/simulation/earlygame/QrProbe.test.ts	0	0	0	0	0	0	0	3	0	0
src/core/simulation/earlygame/MortalChapterJourney.test.ts	0	0	1	0	0	0	1	10	0	0
src/core/simulation/earlygame/TrucCoJourney.test.ts	0	0	5	0	0	0	2	13	0	0
src/core/simulation/earlygame/EarlyGameSession.test.ts	0	0	0	0	0	0	0	14	0	0
src/core/simulation/earlygame/PerfectionEconomy.test.ts	0	0	0	0	0	0	0	13	0	0
src/core/simulation/benchmark/BalanceReport.test.ts	0	0	0	0	0	0	0	9	0	0
src/core/simulation/benchmark/BalanceMatrix.test.ts	0	0	0	0	0	0	0	0	0	0
src/core/combat/CombatSystem.skillScaling.test.ts	0	0	0	0	0	0	0	0	0	0
src/core/combat/EntityVitalsSystem.test.ts	0	0	0	0	0	0	0	0	0	0
src/core/combat/CombatSystem.surviveLethal.test.ts	0	0	0	0	0	0	0	0	0	0
src/core/combat/Armor.test.ts	0	0	0	0	0	0	0	0	0	0
src/core/combat/Accuracy.test.ts	0	0	0	0	0	0	0	0	0	0
src/core/combat/CombatSkillPresentation.test.ts	0	0	0	0	0	0	0	0	0	0
src/core/combat/CombatSystem.manaShield.test.ts	0	0	0	0	0	0	0	0	0	0
src/core/combat/RealmPressure.test.ts	0	0	0	0	0	0	0	0	0	0
src/core/combat/BlockCaps.test.ts	0	0	0	0	0	0	0	0	1	0
src/core/combat/CombatSystem.damageFloor.test.ts	0	0	0	0	0	0	0	0	0	0
src/core/combat/CombatSystem.undefeatable.test.ts	0	0	0	0	0	0	0	0	0	0
src/core/combat/CombatSystem.ailmentDamage.test.ts	0	0	0	0	0	0	0	0	0	0
src/core/combat/CombatSystem.healing.test.ts	0	0	0	0	0	0	0	0	0	0
src/core/combat/EntityVitalsSystem.healEvent.test.ts	0	0	0	0	0	0	0	0	0	0
src/core/combat/ElementDamageCalculator.test.ts	0	0	0	0	0	0	0	0	0	0
src/core/combat/CombatSystem.hitOutcomes.test.ts	0	0	0	0	0	0	0	0	0	0
src/core/skill/PassiveSystem.talentv4.test.ts	0	0	0	0	0	0	0	0	0	1
src/core/skill/SkillSystem.targeting.test.ts	0	0	0	0	0	0	0	0	0	0
src/core/skill/SkillSystem.level.test.ts	3	0	0	0	0	0	0	0	0	0
src/core/skill/SkillSystem.castCount.test.ts	1	0	0	0	0	0	0	0	7	0
src/core/skill/SkillResourceLabels.test.ts	0	0	0	0	0	0	0	0	0	0
src/core/skill/MortalPrecursors.test.ts	0	0	0	0	0	0	0	0	0	0
src/core/skill/SkillSystem.progression.test.ts	0	3	0	0	0	0	0	0	0	0
src/core/skill/SkillSystem.huyKiem.test.ts	0	0	0	0	0	0	0	0	3	0
src/core/skill/SkillMechanicDescriptions.test.ts	0	0	0	0	0	0	0	0	0	0
src/core/skill/PassiveSystem.phaGiapCarry.test.ts	0	0	0	0	0	0	0	0	0	0
src/core/quest/QuestSystem.test.ts	0	0	0	0	0	0	0	0	0	0
src/core/quest/QuestSystem.lifecycle.test.ts	0	0	0	0	0	0	0	0	0	0
src/core/quest/QuestManager.test.ts	0	0	0	0	0	0	0	0	0	0
src/core/economy/VendorSystem.test.ts	0	0	0	0	0	0	0	0	0	0
src/core/economy/TuLinhTranBalance.test.ts	0	0	0	0	0	0	0	0	0	0
src/stores/notification.test.ts	0	0	1	1	0	0	0	0	2	0
src/stores/player.ngoDao.test.ts	0	0	0	0	0	0	0	0	0	0
src/stores/player.setExternalModifiers.test.ts	0	0	0	0	0	0	0	0	0	0
src/stores/player.save.test.ts	2	0	0	0	0	0	3	0	0	0
src/stores/ui.test.ts	0	0	0	0	0	0	0	0	0	0
src/stores/ui.combatInputMode.test.ts	0	0	0	0	0	0	0	0	0	0
src/stores/ui.flags.test.ts	0	0	0	0	0	0	0	0	0	0
src/stores/player.artifact.test.ts	0	0	0	0	0	0	8	0	0	0
src/stores/player.visualProfile.test.ts	0	0	0	0	0	0	0	0	0	0
src/stores/player.restoreFromSave.test.ts	0	0	0	0	0	0	18	0	0	0
src/stores/player.finalStats.test.ts	0	0	0	0	0	0	0	0	0	0
src/stores/audio.test.ts	0	0	0	0	0	0	1	0	0	0
src/stores/player.legacyGatedModifier.qa.test.ts	0	0	0	0	0	0	4	0	0	0
src/stores/player.aiStrategy.test.ts	0	0	0	0	0	0	4	0	0	0
src/stores/actionFeedback.test.ts	0	0	1	6	0	0	0	0	0	0
src/stores/player.talentM2.test.ts	0	0	0	0	0	0	7	0	0	0
src/stores/player.cultivationSpeed.test.ts	0	0	0	0	0	0	0	0	0	0
src/components/game/DongFuCommandWheel.test.ts	1	0	1	1	1	0	0	0	0	0
src/components/game/PresentationTransitionOverlay.test.ts	0	0	1	0	2	0	0	0	0	0
src/components/game/DongFuScene.test.ts	1	0	0	0	1	0	0	0	0	0
src/components/game/PhaserCanvas.test.ts	0	0	0	0	3	11	0	0	0	0
src/components/game/DongFuBuildingSprite.test.ts	0	0	0	0	1	0	0	0	0	0
src/components/game/AutoFarmIndicator.test.ts	0	0	0	0	1	0	0	0	0	0
src/components/game/HomeBuildingIcons.test.ts	3	0	0	0	1	0	0	0	0	0
src/components/game/combat/CombatExitConfirmModal.test.ts	0	0	0	0	1	0	0	0	0	0
src/components/game/combat/BattleLogPanel.test.ts	0	0	0	0	1	0	0	0	0	0
src/components/game/combat/CombatExitConfirmModal.focus.test.ts	0	0	0	0	1	0	0	0	0	0
src/components/game/combat/CombatSceneOverlay.style.test.ts	0	0	0	0	0	0	0	0	0	0
src/components/game/combat/RewardList.test.ts	0	0	0	0	1	0	0	0	0	0
src/components/game/combat/TurnOrderStrip.test.ts	0	0	0	0	1	0	0	0	0	0
src/components/game/combat/CombatDefeatPanel.test.ts	0	0	4	4	1	0	0	0	0	0
src/components/game/combat/CombatPauseOverlay.test.ts	0	0	0	0	1	0	0	0	0	0
src/components/game/combat/CombatCountdownOverlay.test.ts	0	0	0	0	1	0	0	0	0	0
src/components/game/combat/CombatVictoryPanel.test.ts	0	0	2	2	1	0	0	0	0	0
src/components/game/combat/turnCombatReactivity.test.ts	1	0	0	0	1	0	0	0	3	0
src/components/game/combat/hud/TurnCombatSkillBar.display.test.ts	0	0	0	0	1	0	0	0	0	0
src/components/common/InkWashPrimitives.test.ts	0	0	0	0	10	0	0	0	0	0
src/components/common/dialogLabeling.test.ts	0	0	0	0	1	0	0	0	0	0
src/components/common/WorldAnnouncementOverlay.test.ts	0	0	1	0	1	0	0	0	0	0
src/components/common/BreakthroughRequirementPanel.test.ts	1	0	0	0	1	0	0	0	0	0
src/components/common/dialogFocusEscape.test.ts	0	0	0	0	1	0	0	0	0	0
src/components/common/ActionFeedbackLog.test.ts	0	0	0	0	1	0	0	0	0	0
src/components/common/InkWashBackdrop.test.ts	0	0	0	0	1	0	0	0	0	0
src/components/common/AtlasIdleSprite.test.ts	0	0	0	0	1	0	0	0	0	0
src/components/common/InkWashLargeSurfaces.test.ts	0	0	0	0	3	0	0	0	0	0
src/components/common/SlotView.test.ts	0	0	0	0	1	0	0	0	0	0
src/components/common/ToastContainer.test.ts	0	0	0	0	1	0	0	0	0	0
src/components/common/dialogFocusAdversarial.test.ts	0	0	0	0	3	0	0	0	0	0
src/components/common/PlayerPortrait.test.ts	0	0	0	0	1	0	0	0	0	0
src/components/common/InkWashMediumSurfaces.test.ts	0	0	0	0	2	0	0	0	0	0
src/components/common/dialogFocus.test.ts	0	0	0	0	1	0	0	0	0	0
src/components/common/TalentEntitlementModal.deadCards.test.ts	1	0	0	0	1	0	0	0	0	0
src/components/common/ItemCardBody.test.ts	0	0	0	0	2	0	0	0	0	0
src/components/common/primitives/InkNineSlice.test.ts	0	0	0	0	3	0	0	0	0	0
src/components/menu/MenuButton.test.ts	0	0	0	0	2	0	0	0	0	0
src/components/layout/LeftPanel.building.test.ts	1	0	0	0	1	0	0	0	0	0
src/components/panels/CompanionPanel.test.ts	1	0	0	0	1	0	0	0	0	0
src/components/panels/ChiHienQuan.integration.test.ts	1	0	0	0	5	0	0	0	0	0
src/components/panels/RealmPanel.test.ts	1	0	0	0	1	0	0	0	0	0
src/components/panels/AlchemyView.test.ts	1	0	0	0	1	0	0	0	0	0
src/components/panels/SettingsPanel.test.ts	2	0	0	0	2	0	1	0	0	0
src/components/panels/MaterialBagFilter.test.ts	1	0	0	0	1	0	0	0	0	0
src/components/panels/BuildingConstructionGate.test.ts	2	0	0	0	1	0	0	0	0	0
src/components/panels/InventorySort.test.ts	1	0	0	0	1	0	0	0	0	0
src/components/panels/StageSelectPanel.test.ts	1	0	0	0	1	0	0	0	0	0
src/components/panels/SkillPathPanel.test.ts	0	0	0	0	1	0	0	0	0	0
src/components/panels/CharacterPanel.meridian.test.ts	1	0	0	0	1	0	0	0	0	0
src/components/panels/TranPhapPanel.test.ts	1	0	0	0	1	0	0	0	0	0
src/components/panels/VendorPanel.test.ts	1	0	0	0	1	0	0	0	0	0
src/components/panels/EquipmentHallPanel.test.ts	1	0	0	0	1	0	0	0	0	0
src/components/panels/EquipmentPaperdoll.test.ts	1	0	0	0	1	0	0	0	0	0
src/components/panels/realm/RealmBodySections.test.ts	1	0	0	0	1	0	0	0	0	0
src/components/panels/bag-sections/EquipmentBagSection.test.ts	1	0	0	0	1	0	0	0	0	0
src/components/panels/bag-sections/PillBagSection.test.ts	1	0	0	0	1	0	0	0	0	0
src/components/panels/equipment-hall/RefineTab.test.ts	1	0	0	0	1	0	0	0	0	0
src/components/panels/equipment-hall/DissolveTab.test.ts	1	0	0	0	1	0	0	0	0	0
src/components/panels/equipment-hall/DecomposeTab.test.ts	0	0	0	0	1	0	0	0	0	0
src/components/panels/equipment-hall/EnhanceTab.test.ts	1	0	0	0	1	0	0	0	0	0
src/components/panels/equipment-hall/WashTab.test.ts	1	0	0	0	1	0	0	0	0	0
src/components/panels/skill-path/NodeInspector.test.ts	0	0	0	0	2	0	0	0	0	0
src/components/panels/skill-path/NativeCoreDetail.test.ts	1	0	0	0	1	0	0	0	0	0
src/components/panels/skill-path/TechniqueBand.test.ts	0	0	0	0	1	0	0	0	0	0
src/components/panels/skill-path/SkillDetailView.test.ts	1	0	0	0	1	0	0	0	0	0
src/components/panels/skill-path/NodeTreePanel.test.ts	0	0	0	0	1	0	0	0	0	0
src/components/onboarding/CharacterCreationScreen.test.ts	0	0	0	0	1	0	0	0	0	0
src/main-process/quitFlush.test.ts	0	0	2	1	0	0	0	0	0	0
src/main-process/combatClockHost.test.ts	0	0	4	6	0	0	0	0	0	1
src/i18n/index.test.ts	0	0	0	0	0	0	0	0	0	0
tests/architecture/entityVisualLifecycle.test.ts	0	0	0	0	0	0	0	0	0	0
tests/architecture/staticEntityMotion.test.ts	0	0	0	0	0	0	0	0	0	0
tests/architecture/battleLifecyclePathBoundary.test.ts	0	0	0	0	0	0	0	0	0	0
tests/architecture/tribulationOutcomeWiring.test.ts	0	0	0	0	0	0	0	0	0	0
tests/architecture/dynamicRegionHost.test.ts	0	0	0	0	0	4	0	0	0	0
tests/architecture/projectionLocation.test.ts	0	0	0	0	0	0	0	0	0	0
tests/architecture/eslintCoreSeverity.test.ts	0	0	0	0	0	0	0	0	0	0
tests/architecture/qiHallLayoutOwnership.test.ts	0	0	0	0	0	0	0	0	0	0
tests/architecture/catalogPreloadParity.test.ts	0	0	0	0	0	0	0	0	0	0
tests/architecture/damageAuthorityRng.test.ts	0	5	0	0	0	0	0	0	0	0
tests/architecture/ackTokenContract.test.ts	0	0	0	0	0	0	0	0	0	0
tests/architecture/nodeBranchCoverage.test.ts	0	0	0	0	0	0	0	0	0	0
tests/architecture/cultivationPathIsolation.test.ts	0	0	0	0	0	0	0	0	0	0
tests/architecture/frontendImportDirection.test.ts	0	0	0	0	0	0	0	0	0	0
tests/architecture/paidRandomContract.test.ts	0	0	0	0	0	0	0	0	0	2
tests/architecture/i18nKeyParity.test.ts	0	0	0	0	0	0	0	0	0	0
tests/architecture/combatContract.test.ts	0	0	0	0	0	0	0	0	0	0
tests/architecture/staticArtExtentDeclared.test.ts	0	0	0	0	0	0	0	0	0	0
tests/architecture/asciiComments.test.ts	0	0	0	0	0	0	0	0	0	0
tests/architecture/equipmentQuoteContract.test.ts	0	0	0	0	0	0	0	0	0	0
tests/architecture/statDomainWhitelist.test.ts	0	0	0	0	0	0	0	0	0	0
tests/architecture/combatSchedulerDormancy.test.ts	0	0	0	0	0	0	0	0	0	0
tests/architecture/tribulationQueryPurity.test.ts	0	0	0	0	0	0	0	0	0	0
tests/architecture/enemyArtEnumeration.test.ts	0	0	0	0	0	0	0	0	0	0
tests/architecture/coreImportDirection.test.ts	0	0	0	0	0	0	0	0	0	0
tests/architecture/presentationGate.test.ts	0	0	0	0	0	0	0	0	0	0
tests/architecture/atlasFramesExist.test.ts	0	0	0	0	0	0	0	0	0	0
tests/architecture/progressionOutcomeOwnership.test.ts	0	0	0	0	0	0	0	0	0	0
tests/architecture/artPlaceholderDebt.test.ts	0	0	0	0	0	0	0	0	0	0
tests/architecture/assetContainment.test.ts	0	0	0	0	0	0	0	0	0	0
tests/architecture/overlayLayers.test.ts	0	0	0	0	0	0	0	0	0	0
tests/architecture/pointerOwnership.test.ts	0	0	0	0	0	0	0	0	0	0
tests/architecture/animationCatalogue.test.ts	0	0	0	0	0	0	0	0	0	0
tests/architecture/vitalsWriteAuthority.test.ts	0	0	0	0	0	0	0	0	0	0
tests/architecture/artModeUniformity.test.ts	0	0	0	0	0	0	0	0	0	0
tests/architecture/tribulationAdmissionFunnel.test.ts	0	0	0	0	0	0	0	0	0	0
tests/architecture/sceneHelperBoundaries.test.ts	0	0	0	0	0	0	0	0	0	0
tests/architecture/canonicalBuffSurface.test.ts	0	0	0	0	0	0	0	0	0	0
tests/architecture/systemThemeBoundary.test.ts	0	0	0	0	0	0	0	0	0	0
tests/architecture/statProvenanceAndQueryPurity.test.ts	0	0	0	0	0	0	0	0	0	0
tests/architecture/skillDefProducerSources.test.ts	0	0	0	0	0	0	0	0	0	0
tests/architecture/artExtentDeclared.test.ts	0	0	0	0	0	0	0	0	0	0
tests/architecture/buildCompositionBoundary.test.ts	0	0	0	0	0	0	0	0	0	0
tests/architecture/inkDrawerSurface.test.ts	0	0	0	0	0	0	0	0	0	0
tests/lab/balanceSweep.test.ts	0	0	0	0	0	0	0	0	0	0
tests/lab/progressionSweep.test.ts	0	0	0	0	0	0	0	0	1	0
