component,audit_status,visual_status,art_decision,module_import_reachability,reachability_limit
game/src/components/common/ActionFeedbackLog.vue,inventoried,not-runtime-verified,use final shared pack; preserve content/character/world assets per handoff; consumer-specific placement in scene specs,reachable-from-main,module graph only; not proof of mounted route; dynamic nonliteral imports not resolved
game/src/components/common/AtlasIdleSprite.vue,inventoried,not-runtime-verified,use final shared pack; preserve content/character/world assets per handoff; consumer-specific placement in scene specs,reachable-from-main,module graph only; not proof of mounted route; dynamic nonliteral imports not resolved
game/src/components/common/BetaCompletionModal.vue,inventoried,not-runtime-verified,use final shared pack; preserve content/character/world assets per handoff; consumer-specific placement in scene specs,reachable-from-main,module graph only; not proof of mounted route; dynamic nonliteral imports not resolved
game/src/components/common/BreakthroughRequirementPanel.vue,inventoried,not-runtime-verified,use final shared pack; preserve content/character/world assets per handoff; consumer-specific placement in scene specs,reachable-from-main,module graph only; not proof of mounted route; dynamic nonliteral imports not resolved
game/src/components/common/BuildingUpgradeButton.vue,inventoried,not-runtime-verified,use final shared pack; preserve content/character/world assets per handoff; consumer-specific placement in scene specs,reachable-from-main,module graph only; not proof of mounted route; dynamic nonliteral imports not resolved
game/src/components/common/ConfirmModal.vue,inventoried,not-runtime-verified,use final shared pack; preserve content/character/world assets per handoff; consumer-specific placement in scene specs,reachable-from-main,module graph only; not proof of mounted route; dynamic nonliteral imports not resolved
game/src/components/common/EntitySpriteCanvas.vue,inventoried,not-runtime-verified,use final shared pack; preserve content/character/world assets per handoff; consumer-specific placement in scene specs,not-found-by-literal-import-scan,module graph only; not proof of mounted route; dynamic nonliteral imports not resolved
game/src/components/common/ErrorBoundary.vue,inventoried,not-runtime-verified,use final shared pack; preserve content/character/world assets per handoff; consumer-specific placement in scene specs,reachable-from-main,module graph only; not proof of mounted route; dynamic nonliteral imports not resolved
game/src/components/common/ErrorScreen.vue,inventoried,not-runtime-verified,use final shared pack; preserve content/character/world assets per handoff; consumer-specific placement in scene specs,reachable-from-main,module graph only; not proof of mounted route; dynamic nonliteral imports not resolved
game/src/components/common/FeedbackDialog.vue,inventoried,not-runtime-verified,use final shared pack; preserve content/character/world assets per handoff; consumer-specific placement in scene specs,reachable-from-main,module graph only; not proof of mounted route; dynamic nonliteral imports not resolved
game/src/components/common/GameButton.vue,inventoried,not-runtime-verified,use final shared pack; preserve content/character/world assets per handoff; consumer-specific placement in scene specs,reachable-from-main,module graph only; not proof of mounted route; dynamic nonliteral imports not resolved
game/src/components/common/HuyenKimParallaxStack.vue,inventoried,not-runtime-verified,use final shared pack; preserve content/character/world assets per handoff; consumer-specific placement in scene specs,reachable-from-main,module graph only; not proof of mounted route; dynamic nonliteral imports not resolved
game/src/components/common/HuyenKimSymbol.vue,inventoried,not-runtime-verified,use final shared pack; preserve content/character/world assets per handoff; consumer-specific placement in scene specs,reachable-from-main,module graph only; not proof of mounted route; dynamic nonliteral imports not resolved
game/src/components/common/ImperialScrollScene.vue,inventoried,not-runtime-verified,use final shared pack; preserve content/character/world assets per handoff; consumer-specific placement in scene specs,reachable-from-main,module graph only; not proof of mounted route; dynamic nonliteral imports not resolved
game/src/components/common/InkWashBackdrop.vue,inventoried,not-runtime-verified,use final shared pack; preserve content/character/world assets per handoff; consumer-specific placement in scene specs,reachable-from-main,module graph only; not proof of mounted route; dynamic nonliteral imports not resolved
game/src/components/common/ItemCardBody.vue,inventoried,not-runtime-verified,use final shared pack; preserve content/character/world assets per handoff; consumer-specific placement in scene specs,reachable-from-main,module graph only; not proof of mounted route; dynamic nonliteral imports not resolved
game/src/components/common/LoadingScreen.vue,inventoried,not-runtime-verified,use final shared pack; preserve content/character/world assets per handoff; consumer-specific placement in scene specs,reachable-from-main,module graph only; not proof of mounted route; dynamic nonliteral imports not resolved
game/src/components/common/NotificationBadge.vue,inventoried,not-runtime-verified,use final shared pack; preserve content/character/world assets per handoff; consumer-specific placement in scene specs,reachable-from-main,module graph only; not proof of mounted route; dynamic nonliteral imports not resolved
game/src/components/common/OfflineSummaryModal.vue,inventoried,not-runtime-verified,use final shared pack; preserve content/character/world assets per handoff; consumer-specific placement in scene specs,reachable-from-main,module graph only; not proof of mounted route; dynamic nonliteral imports not resolved
game/src/components/common/OverlayPanel.vue,inventoried,not-runtime-verified,use final shared pack; preserve content/character/world assets per handoff; consumer-specific placement in scene specs,reachable-from-main,module graph only; not proof of mounted route; dynamic nonliteral imports not resolved
game/src/components/common/PaperPanelNavigation.vue,inventoried,not-runtime-verified,use final shared pack; preserve content/character/world assets per handoff; consumer-specific placement in scene specs,reachable-from-main,module graph only; not proof of mounted route; dynamic nonliteral imports not resolved
game/src/components/common/PlayerPortrait.vue,inventoried,not-runtime-verified,use final shared pack; preserve content/character/world assets per handoff; consumer-specific placement in scene specs,not-found-by-literal-import-scan,module graph only; not proof of mounted route; dynamic nonliteral imports not resolved
game/src/components/common/SaveIncompatibleScreen.vue,inventoried,not-runtime-verified,use final shared pack; preserve content/character/world assets per handoff; consumer-specific placement in scene specs,reachable-from-main,module graph only; not proof of mounted route; dynamic nonliteral imports not resolved
game/src/components/common/SceneDesignCanvas.vue,inventoried,not-runtime-verified,use final shared pack; preserve content/character/world assets per handoff; consumer-specific placement in scene specs,reachable-from-main,module graph only; not proof of mounted route; dynamic nonliteral imports not resolved
game/src/components/common/SlotView.vue,inventoried,not-runtime-verified,use final shared pack; preserve content/character/world assets per handoff; consumer-specific placement in scene specs,reachable-from-main,module graph only; not proof of mounted route; dynamic nonliteral imports not resolved
game/src/components/common/TabBar.vue,inventoried,not-runtime-verified,use final shared pack; preserve content/character/world assets per handoff; consumer-specific placement in scene specs,reachable-from-main,module graph only; not proof of mounted route; dynamic nonliteral imports not resolved
game/src/components/common/TalentEntitlementModal.vue,inventoried,not-runtime-verified,use final shared pack; preserve content/character/world assets per handoff; consumer-specific placement in scene specs,reachable-from-main,module graph only; not proof of mounted route; dynamic nonliteral imports not resolved
game/src/components/common/ToastContainer.vue,inventoried,not-runtime-verified,use final shared pack; preserve content/character/world assets per handoff; consumer-specific placement in scene specs,reachable-from-main,module graph only; not proof of mounted route; dynamic nonliteral imports not resolved
game/src/components/common/Tooltip.vue,inventoried,not-runtime-verified,use final shared pack; preserve content/character/world assets per handoff; consumer-specific placement in scene specs,reachable-from-main,module graph only; not proof of mounted route; dynamic nonliteral imports not resolved
game/src/components/common/TutorialOverlay.vue,inventoried,not-runtime-verified,use final shared pack; preserve content/character/world assets per handoff; consumer-specific placement in scene specs,reachable-from-main,module graph only; not proof of mounted route; dynamic nonliteral imports not resolved
game/src/components/common/UpdateBanner.vue,inventoried,not-runtime-verified,use final shared pack; preserve content/character/world assets per handoff; consumer-specific placement in scene specs,reachable-from-main,module graph only; not proof of mounted route; dynamic nonliteral imports not resolved
game/src/components/common/WorldAnnouncementOverlay.vue,inventoried,not-runtime-verified,use final shared pack; preserve content/character/world assets per handoff; consumer-specific placement in scene specs,reachable-from-main,module graph only; not proof of mounted route; dynamic nonliteral imports not resolved
game/src/components/common/primitives/Bar.vue,inventoried,not-runtime-verified,use final shared pack; preserve content/character/world assets per handoff; consumer-specific placement in scene specs,reachable-from-main,module graph only; not proof of mounted route; dynamic nonliteral imports not resolved
game/src/components/common/primitives/Chip.vue,inventoried,not-runtime-verified,use final shared pack; preserve content/character/world assets per handoff; consumer-specific placement in scene specs,reachable-from-main,module graph only; not proof of mounted route; dynamic nonliteral imports not resolved
game/src/components/common/primitives/EmptyState.vue,inventoried,not-runtime-verified,use final shared pack; preserve content/character/world assets per handoff; consumer-specific placement in scene specs,reachable-from-main,module graph only; not proof of mounted route; dynamic nonliteral imports not resolved
game/src/components/common/primitives/Eyebrow.vue,inventoried,not-runtime-verified,use final shared pack; preserve content/character/world assets per handoff; consumer-specific placement in scene specs,not-found-by-literal-import-scan,module graph only; not proof of mounted route; dynamic nonliteral imports not resolved
game/src/components/common/primitives/InkNineSlice.vue,inventoried,not-runtime-verified,use final shared pack; preserve content/character/world assets per handoff; consumer-specific placement in scene specs,reachable-from-main,module graph only; not proof of mounted route; dynamic nonliteral imports not resolved
game/src/components/common/primitives/StatRow.vue,inventoried,not-runtime-verified,use final shared pack; preserve content/character/world assets per handoff; consumer-specific placement in scene specs,reachable-from-main,module graph only; not proof of mounted route; dynamic nonliteral imports not resolved
game/src/components/common/system/SysBar.vue,inventoried,not-runtime-verified,use final shared pack; preserve content/character/world assets per handoff; consumer-specific placement in scene specs,not-found-by-literal-import-scan,module graph only; not proof of mounted route; dynamic nonliteral imports not resolved
game/src/components/common/system/SysPanel.vue,inventoried,not-runtime-verified,use final shared pack; preserve content/character/world assets per handoff; consumer-specific placement in scene specs,reachable-from-main,module graph only; not proof of mounted route; dynamic nonliteral imports not resolved
game/src/components/common/system/SysStat.vue,inventoried,not-runtime-verified,use final shared pack; preserve content/character/world assets per handoff; consumer-specific placement in scene specs,not-found-by-literal-import-scan,module graph only; not proof of mounted route; dynamic nonliteral imports not resolved
game/src/components/common/system/SysTag.vue,inventoried,not-runtime-verified,use final shared pack; preserve content/character/world assets per handoff; consumer-specific placement in scene specs,not-found-by-literal-import-scan,module graph only; not proof of mounted route; dynamic nonliteral imports not resolved
game/src/components/game/AutoFarmIndicator.vue,inventoried,not-runtime-verified,use final shared pack; preserve content/character/world assets per handoff; consumer-specific placement in scene specs,reachable-from-main,module graph only; not proof of mounted route; dynamic nonliteral imports not resolved
game/src/components/game/CurrencyHud.vue,inventoried,not-runtime-verified,use final shared pack; preserve content/character/world assets per handoff; consumer-specific placement in scene specs,not-found-by-literal-import-scan,module graph only; not proof of mounted route; dynamic nonliteral imports not resolved
game/src/components/game/MainScene.vue,inventoried,not-runtime-verified,use final shared pack; preserve content/character/world assets per handoff; consumer-specific placement in scene specs,reachable-from-main,module graph only; not proof of mounted route; dynamic nonliteral imports not resolved
game/src/components/game/PhaserCanvas.vue,inventoried,not-runtime-verified,use final shared pack; preserve content/character/world assets per handoff; consumer-specific placement in scene specs,reachable-from-main,module graph only; not proof of mounted route; dynamic nonliteral imports not resolved
game/src/components/game/PresentationTransitionOverlay.vue,inventoried,not-runtime-verified,use final shared pack; preserve content/character/world assets per handoff; consumer-specific placement in scene specs,reachable-from-main,module graph only; not proof of mounted route; dynamic nonliteral imports not resolved
game/src/components/game/RouteMount.vue,inventoried,not-runtime-verified,use final shared pack; preserve content/character/world assets per handoff; consumer-specific placement in scene specs,reachable-from-main,module graph only; not proof of mounted route; dynamic nonliteral imports not resolved
game/src/components/game/combat/BattleLogPanel.vue,inventoried,not-runtime-verified,use final shared pack; preserve content/character/world assets per handoff; consumer-specific placement in scene specs,reachable-from-main,module graph only; not proof of mounted route; dynamic nonliteral imports not resolved
game/src/components/game/combat/CombatAiPanel.vue,inventoried,not-runtime-verified,use final shared pack; preserve content/character/world assets per handoff; consumer-specific placement in scene specs,reachable-from-main,module graph only; not proof of mounted route; dynamic nonliteral imports not resolved
game/src/components/game/combat/CombatCountdownOverlay.vue,inventoried,not-runtime-verified,use final shared pack; preserve content/character/world assets per handoff; consumer-specific placement in scene specs,reachable-from-main,module graph only; not proof of mounted route; dynamic nonliteral imports not resolved
game/src/components/game/combat/CombatDefeatPanel.vue,inventoried,not-runtime-verified,use final shared pack; preserve content/character/world assets per handoff; consumer-specific placement in scene specs,reachable-from-main,module graph only; not proof of mounted route; dynamic nonliteral imports not resolved
game/src/components/game/combat/CombatExitConfirmModal.vue,inventoried,not-runtime-verified,use final shared pack; preserve content/character/world assets per handoff; consumer-specific placement in scene specs,reachable-from-main,module graph only; not proof of mounted route; dynamic nonliteral imports not resolved
game/src/components/game/combat/CombatIntroOverlay.vue,inventoried,not-runtime-verified,use final shared pack; preserve content/character/world assets per handoff; consumer-specific placement in scene specs,reachable-from-main,module graph only; not proof of mounted route; dynamic nonliteral imports not resolved
game/src/components/game/combat/CombatPauseOverlay.vue,inventoried,not-runtime-verified,use final shared pack; preserve content/character/world assets per handoff; consumer-specific placement in scene specs,reachable-from-main,module graph only; not proof of mounted route; dynamic nonliteral imports not resolved
game/src/components/game/combat/CombatResultModal.vue,inventoried,not-runtime-verified,use final shared pack; preserve content/character/world assets per handoff; consumer-specific placement in scene specs,reachable-from-main,module graph only; not proof of mounted route; dynamic nonliteral imports not resolved
game/src/components/game/combat/CombatSceneOverlay.vue,inventoried,not-runtime-verified,use final shared pack; preserve content/character/world assets per handoff; consumer-specific placement in scene specs,reachable-from-main,module graph only; not proof of mounted route; dynamic nonliteral imports not resolved
game/src/components/game/combat/CombatSkillDockPanel.vue,inventoried,not-runtime-verified,use final shared pack; preserve content/character/world assets per handoff; consumer-specific placement in scene specs,reachable-from-main,module graph only; not proof of mounted route; dynamic nonliteral imports not resolved
game/src/components/game/combat/CombatTopBar.vue,inventoried,not-runtime-verified,use final shared pack; preserve content/character/world assets per handoff; consumer-specific placement in scene specs,reachable-from-main,module graph only; not proof of mounted route; dynamic nonliteral imports not resolved
game/src/components/game/combat/CombatVictoryPanel.vue,inventoried,not-runtime-verified,use final shared pack; preserve content/character/world assets per handoff; consumer-specific placement in scene specs,reachable-from-main,module graph only; not proof of mounted route; dynamic nonliteral imports not resolved
game/src/components/game/combat/RewardList.vue,inventoried,not-runtime-verified,use final shared pack; preserve content/character/world assets per handoff; consumer-specific placement in scene specs,reachable-from-main,module graph only; not proof of mounted route; dynamic nonliteral imports not resolved
game/src/components/game/combat/TurnOrderStrip.vue,inventoried,not-runtime-verified,use final shared pack; preserve content/character/world assets per handoff; consumer-specific placement in scene specs,reachable-from-main,module graph only; not proof of mounted route; dynamic nonliteral imports not resolved
game/src/components/game/combat/hud/CombatSkillSlot.vue,inventoried,not-runtime-verified,use final shared pack; preserve content/character/world assets per handoff; consumer-specific placement in scene specs,reachable-from-main,module graph only; not proof of mounted route; dynamic nonliteral imports not resolved
game/src/components/game/combat/hud/TurnCombatSkillBar.vue,inventoried,not-runtime-verified,use final shared pack; preserve content/character/world assets per handoff; consumer-specific placement in scene specs,reachable-from-main,module graph only; not proof of mounted route; dynamic nonliteral imports not resolved
game/src/components/game/tribulation/TribulationSceneOverlay.vue,inventoried,not-runtime-verified,use final shared pack; preserve content/character/world assets per handoff; consumer-specific placement in scene specs,reachable-from-main,module graph only; not proof of mounted route; dynamic nonliteral imports not resolved
game/src/components/layout/FunctionOverlayPanel.vue,inventoried,not-runtime-verified,use final shared pack; preserve content/character/world assets per handoff; consumer-specific placement in scene specs,reachable-from-main,module graph only; not proof of mounted route; dynamic nonliteral imports not resolved
game/src/components/layout/GameRoot.vue,inventoried,not-runtime-verified,use final shared pack; preserve content/character/world assets per handoff; consumer-specific placement in scene specs,reachable-from-main,module graph only; not proof of mounted route; dynamic nonliteral imports not resolved
game/src/components/layout/LeftPanel.vue,inventoried,not-runtime-verified,use final shared pack; preserve content/character/world assets per handoff; consumer-specific placement in scene specs,reachable-from-main,module graph only; not proof of mounted route; dynamic nonliteral imports not resolved
game/src/components/onboarding/AuthEntryScreen.vue,inventoried,not-runtime-verified,use final shared pack; preserve content/character/world assets per handoff; consumer-specific placement in scene specs,reachable-from-main,module graph only; not proof of mounted route; dynamic nonliteral imports not resolved
game/src/components/onboarding/CharacterCreationScreen.vue,inventoried,not-runtime-verified,use final shared pack; preserve content/character/world assets per handoff; consumer-specific placement in scene specs,reachable-from-main,module graph only; not proof of mounted route; dynamic nonliteral imports not resolved
game/src/components/onboarding/GuestUpgradeCard.vue,inventoried,not-runtime-verified,use final shared pack; preserve content/character/world assets per handoff; consumer-specific placement in scene specs,reachable-from-main,module graph only; not proof of mounted route; dynamic nonliteral imports not resolved
game/src/components/onboarding/OnboardingStage.vue,inventoried,not-runtime-verified,use final shared pack; preserve content/character/world assets per handoff; consumer-specific placement in scene specs,reachable-from-main,module graph only; not proof of mounted route; dynamic nonliteral imports not resolved
game/src/components/panels/ArtifactPanel.vue,inventoried,not-runtime-verified,use final shared pack; preserve content/character/world assets per handoff; consumer-specific placement in scene specs,reachable-from-main,module graph only; not proof of mounted route; dynamic nonliteral imports not resolved
game/src/components/panels/BagGrid.vue,inventoried,not-runtime-verified,use final shared pack; preserve content/character/world assets per handoff; consumer-specific placement in scene specs,reachable-from-main,module graph only; not proof of mounted route; dynamic nonliteral imports not resolved
game/src/components/panels/BodyPanel.vue,inventoried,not-runtime-verified,use final shared pack; preserve content/character/world assets per handoff; consumer-specific placement in scene specs,reachable-from-main,module graph only; not proof of mounted route; dynamic nonliteral imports not resolved
game/src/components/panels/CharacterDetailCard.vue,inventoried,not-runtime-verified,use final shared pack; preserve content/character/world assets per handoff; consumer-specific placement in scene specs,not-found-by-literal-import-scan,module graph only; not proof of mounted route; dynamic nonliteral imports not resolved
game/src/components/panels/CharacterPanel.vue,inventoried,not-runtime-verified,use final shared pack; preserve content/character/world assets per handoff; consumer-specific placement in scene specs,not-found-by-literal-import-scan,module graph only; not proof of mounted route; dynamic nonliteral imports not resolved
game/src/components/panels/CompanionPanel.vue,inventoried,not-runtime-verified,use final shared pack; preserve content/character/world assets per handoff; consumer-specific placement in scene specs,reachable-from-main,module graph only; not proof of mounted route; dynamic nonliteral imports not resolved
game/src/components/panels/EquipmentHallPanel.vue,inventoried,not-runtime-verified,use final shared pack; preserve content/character/world assets per handoff; consumer-specific placement in scene specs,reachable-from-main,module graph only; not proof of mounted route; dynamic nonliteral imports not resolved
game/src/components/panels/EquipmentPaperdoll.vue,inventoried,not-runtime-verified,use final shared pack; preserve content/character/world assets per handoff; consumer-specific placement in scene specs,reachable-from-main,module graph only; not proof of mounted route; dynamic nonliteral imports not resolved
game/src/components/panels/GuestAbandonDialog.vue,inventoried,not-runtime-verified,use final shared pack; preserve content/character/world assets per handoff; consumer-specific placement in scene specs,reachable-from-main,module graph only; not proof of mounted route; dynamic nonliteral imports not resolved
game/src/components/panels/InventoryPanel.vue,inventoried,not-runtime-verified,use final shared pack; preserve content/character/world assets per handoff; consumer-specific placement in scene specs,reachable-from-main,module graph only; not proof of mounted route; dynamic nonliteral imports not resolved
game/src/components/panels/LoreCodexModal.vue,inventoried,not-runtime-verified,use final shared pack; preserve content/character/world assets per handoff; consumer-specific placement in scene specs,reachable-from-main,module graph only; not proof of mounted route; dynamic nonliteral imports not resolved
game/src/components/panels/PillRoomPanel.vue,inventoried,not-runtime-verified,use final shared pack; preserve content/character/world assets per handoff; consumer-specific placement in scene specs,reachable-from-main,module graph only; not proof of mounted route; dynamic nonliteral imports not resolved
game/src/components/panels/ProductionPanel.vue,inventoried,not-runtime-verified,use final shared pack; preserve content/character/world assets per handoff; consumer-specific placement in scene specs,reachable-from-main,module graph only; not proof of mounted route; dynamic nonliteral imports not resolved
game/src/components/panels/QuanKhiPanel.vue,inventoried,not-runtime-verified,use final shared pack; preserve content/character/world assets per handoff; consumer-specific placement in scene specs,reachable-from-main,module graph only; not proof of mounted route; dynamic nonliteral imports not resolved
game/src/components/panels/QuestPanel.vue,inventoried,not-runtime-verified,use final shared pack; preserve content/character/world assets per handoff; consumer-specific placement in scene specs,reachable-from-main,module graph only; not proof of mounted route; dynamic nonliteral imports not resolved
game/src/components/panels/RealmPanel.vue,inventoried,not-runtime-verified,use final shared pack; preserve content/character/world assets per handoff; consumer-specific placement in scene specs,reachable-from-main,module graph only; not proof of mounted route; dynamic nonliteral imports not resolved
game/src/components/panels/ScripturePavilionPanel.vue,inventoried,not-runtime-verified,use final shared pack; preserve content/character/world assets per handoff; consumer-specific placement in scene specs,reachable-from-main,module graph only; not proof of mounted route; dynamic nonliteral imports not resolved
game/src/components/panels/SettingsPanel.vue,inventoried,not-runtime-verified,use final shared pack; preserve content/character/world assets per handoff; consumer-specific placement in scene specs,reachable-from-main,module graph only; not proof of mounted route; dynamic nonliteral imports not resolved
game/src/components/panels/SkillPathPanel.vue,inventoried,not-runtime-verified,use final shared pack; preserve content/character/world assets per handoff; consumer-specific placement in scene specs,reachable-from-main,module graph only; not proof of mounted route; dynamic nonliteral imports not resolved
game/src/components/panels/StageSelectPanel.vue,inventoried,not-runtime-verified,use final shared pack; preserve content/character/world assets per handoff; consumer-specific placement in scene specs,reachable-from-main,module graph only; not proof of mounted route; dynamic nonliteral imports not resolved
game/src/components/panels/TechniquePanel.vue,inventoried,not-runtime-verified,use final shared pack; preserve content/character/world assets per handoff; consumer-specific placement in scene specs,reachable-from-main,module graph only; not proof of mounted route; dynamic nonliteral imports not resolved
game/src/components/panels/TranPhapPanel.vue,inventoried,not-runtime-verified,use final shared pack; preserve content/character/world assets per handoff; consumer-specific placement in scene specs,reachable-from-main,module graph only; not proof of mounted route; dynamic nonliteral imports not resolved
game/src/components/panels/VendorPanel.vue,inventoried,not-runtime-verified,use final shared pack; preserve content/character/world assets per handoff; consumer-specific placement in scene specs,reachable-from-main,module graph only; not proof of mounted route; dynamic nonliteral imports not resolved
game/src/components/panels/WorkerLodgePanel.vue,inventoried,not-runtime-verified,use final shared pack; preserve content/character/world assets per handoff; consumer-specific placement in scene specs,reachable-from-main,module graph only; not proof of mounted route; dynamic nonliteral imports not resolved
game/src/components/panels/artifact/ArtifactExperienceBar.vue,inventoried,not-runtime-verified,use final shared pack; preserve content/character/world assets per handoff; consumer-specific placement in scene specs,reachable-from-main,module graph only; not proof of mounted route; dynamic nonliteral imports not resolved
game/src/components/panels/artifact/ArtifactGradeSection.vue,inventoried,not-runtime-verified,use final shared pack; preserve content/character/world assets per handoff; consumer-specific placement in scene specs,reachable-from-main,module graph only; not proof of mounted route; dynamic nonliteral imports not resolved
game/src/components/panels/artifact/ArtifactOverview.vue,inventoried,not-runtime-verified,use final shared pack; preserve content/character/world assets per handoff; consumer-specific placement in scene specs,reachable-from-main,module graph only; not proof of mounted route; dynamic nonliteral imports not resolved
game/src/components/panels/artifact/ArtifactPathCards.vue,inventoried,not-runtime-verified,use final shared pack; preserve content/character/world assets per handoff; consumer-specific placement in scene specs,reachable-from-main,module graph only; not proof of mounted route; dynamic nonliteral imports not resolved
game/src/components/panels/bag-sections/BagPaginationControls.vue,inventoried,not-runtime-verified,use final shared pack; preserve content/character/world assets per handoff; consumer-specific placement in scene specs,reachable-from-main,module graph only; not proof of mounted route; dynamic nonliteral imports not resolved
game/src/components/panels/bag-sections/EquipmentBagSection.vue,inventoried,not-runtime-verified,use final shared pack; preserve content/character/world assets per handoff; consumer-specific placement in scene specs,reachable-from-main,module graph only; not proof of mounted route; dynamic nonliteral imports not resolved
game/src/components/panels/bag-sections/MaterialBagSection.vue,inventoried,not-runtime-verified,use final shared pack; preserve content/character/world assets per handoff; consumer-specific placement in scene specs,reachable-from-main,module graph only; not proof of mounted route; dynamic nonliteral imports not resolved
game/src/components/panels/bag-sections/PillBagSection.vue,inventoried,not-runtime-verified,use final shared pack; preserve content/character/world assets per handoff; consumer-specific placement in scene specs,reachable-from-main,module graph only; not proof of mounted route; dynamic nonliteral imports not resolved
game/src/components/panels/equipment-hall/DecomposeTab.vue,inventoried,not-runtime-verified,use final shared pack; preserve content/character/world assets per handoff; consumer-specific placement in scene specs,reachable-from-main,module graph only; not proof of mounted route; dynamic nonliteral imports not resolved
game/src/components/panels/equipment-hall/DissolveTab.vue,inventoried,not-runtime-verified,use final shared pack; preserve content/character/world assets per handoff; consumer-specific placement in scene specs,reachable-from-main,module graph only; not proof of mounted route; dynamic nonliteral imports not resolved
game/src/components/panels/equipment-hall/EnhanceTab.vue,inventoried,not-runtime-verified,use final shared pack; preserve content/character/world assets per handoff; consumer-specific placement in scene specs,reachable-from-main,module graph only; not proof of mounted route; dynamic nonliteral imports not resolved
game/src/components/panels/equipment-hall/EquipmentBagRail.vue,inventoried,not-runtime-verified,use final shared pack; preserve content/character/world assets per handoff; consumer-specific placement in scene specs,not-found-by-literal-import-scan,module graph only; not proof of mounted route; dynamic nonliteral imports not resolved
game/src/components/panels/equipment-hall/RefineTab.vue,inventoried,not-runtime-verified,use final shared pack; preserve content/character/world assets per handoff; consumer-specific placement in scene specs,reachable-from-main,module graph only; not proof of mounted route; dynamic nonliteral imports not resolved
game/src/components/panels/equipment-hall/WashTab.vue,inventoried,not-runtime-verified,use final shared pack; preserve content/character/world assets per handoff; consumer-specific placement in scene specs,reachable-from-main,module graph only; not proof of mounted route; dynamic nonliteral imports not resolved
game/src/components/panels/scripture/LoreCodex.vue,inventoried,not-runtime-verified,use final shared pack; preserve content/character/world assets per handoff; consumer-specific placement in scene specs,reachable-from-main,module graph only; not proof of mounted route; dynamic nonliteral imports not resolved
game/src/components/panels/skill-path/TechniqueRuneRing.vue,inventoried,not-runtime-verified,use final shared pack; preserve content/character/world assets per handoff; consumer-specific placement in scene specs,not-found-by-literal-import-scan,module graph only; not proof of mounted route; dynamic nonliteral imports not resolved
game/src/components/panels/skill-path/TechniqueSlotCard.vue,inventoried,not-runtime-verified,use final shared pack; preserve content/character/world assets per handoff; consumer-specific placement in scene specs,not-found-by-literal-import-scan,module graph only; not proof of mounted route; dynamic nonliteral imports not resolved
game/src/components/panels/worker-lodge/ChieuMoTab.vue,inventoried,not-runtime-verified,use final shared pack; preserve content/character/world assets per handoff; consumer-specific placement in scene specs,reachable-from-main,module graph only; not proof of mounted route; dynamic nonliteral imports not resolved
game/src/components/panels/worker-lodge/DuyenPhanTab.vue,inventoried,not-runtime-verified,use final shared pack; preserve content/character/world assets per handoff; consumer-specific placement in scene specs,reachable-from-main,module graph only; not proof of mounted route; dynamic nonliteral imports not resolved
game/src/components/panels/worker-lodge/QuaTangTab.vue,inventoried,not-runtime-verified,use final shared pack; preserve content/character/world assets per handoff; consumer-specific placement in scene specs,reachable-from-main,module graph only; not proof of mounted route; dynamic nonliteral imports not resolved
game/src/components/scenes/alchemy/AlchemySurface.vue,inventoried,not-runtime-verified,use final shared pack; preserve content/character/world assets per handoff; consumer-specific placement in scene specs,reachable-from-main,module graph only; not proof of mounted route; dynamic nonliteral imports not resolved
game/src/components/scenes/alchemy/fidelity/AlchemyFidelityScene.vue,inventoried,not-runtime-verified,use final shared pack; preserve content/character/world assets per handoff; consumer-specific placement in scene specs,reachable-from-main,module graph only; not proof of mounted route; dynamic nonliteral imports not resolved
game/src/components/scenes/alchemy/fidelity/AlchemyPaperCauldron.vue,inventoried,not-runtime-verified,use final shared pack; preserve content/character/world assets per handoff; consumer-specific placement in scene specs,reachable-from-main,module graph only; not proof of mounted route; dynamic nonliteral imports not resolved
game/src/components/scenes/alchemy/fidelity/AlchemyPaperDetails.vue,inventoried,not-runtime-verified,use final shared pack; preserve content/character/world assets per handoff; consumer-specific placement in scene specs,reachable-from-main,module graph only; not proof of mounted route; dynamic nonliteral imports not resolved
game/src/components/scenes/alchemy/fidelity/AlchemyPaperQueue.vue,inventoried,not-runtime-verified,use final shared pack; preserve content/character/world assets per handoff; consumer-specific placement in scene specs,reachable-from-main,module graph only; not proof of mounted route; dynamic nonliteral imports not resolved
game/src/components/scenes/alchemy/fidelity/AlchemyPaperRecipes.vue,inventoried,not-runtime-verified,use final shared pack; preserve content/character/world assets per handoff; consumer-specific placement in scene specs,reachable-from-main,module graph only; not proof of mounted route; dynamic nonliteral imports not resolved
game/src/components/scenes/body/BodySurface.vue,inventoried,not-runtime-verified,use final shared pack; preserve content/character/world assets per handoff; consumer-specific placement in scene specs,reachable-from-main,module graph only; not proof of mounted route; dynamic nonliteral imports not resolved
game/src/components/scenes/body/fidelity/BodyFidelityScene.vue,inventoried,not-runtime-verified,use final shared pack; preserve content/character/world assets per handoff; consumer-specific placement in scene specs,reachable-from-main,module graph only; not proof of mounted route; dynamic nonliteral imports not resolved
game/src/components/scenes/body/fidelity/BodyPaperDetails.vue,inventoried,not-runtime-verified,use final shared pack; preserve content/character/world assets per handoff; consumer-specific placement in scene specs,reachable-from-main,module graph only; not proof of mounted route; dynamic nonliteral imports not resolved
game/src/components/scenes/body/fidelity/BodyPaperFigure.vue,inventoried,not-runtime-verified,use final shared pack; preserve content/character/world assets per handoff; consumer-specific placement in scene specs,reachable-from-main,module graph only; not proof of mounted route; dynamic nonliteral imports not resolved
game/src/components/scenes/character/CharacterActionRail.vue,inventoried,not-runtime-verified,use final shared pack; preserve content/character/world assets per handoff; consumer-specific placement in scene specs,not-found-by-literal-import-scan,module graph only; not proof of mounted route; dynamic nonliteral imports not resolved
game/src/components/scenes/character/CharacterDerivedStats.vue,inventoried,not-runtime-verified,use final shared pack; preserve content/character/world assets per handoff; consumer-specific placement in scene specs,not-found-by-literal-import-scan,module graph only; not proof of mounted route; dynamic nonliteral imports not resolved
game/src/components/scenes/character/CharacterElementSummary.vue,inventoried,not-runtime-verified,use final shared pack; preserve content/character/world assets per handoff; consumer-specific placement in scene specs,not-found-by-literal-import-scan,module graph only; not proof of mounted route; dynamic nonliteral imports not resolved
game/src/components/scenes/character/CharacterFigureWheel.vue,inventoried,not-runtime-verified,use final shared pack; preserve content/character/world assets per handoff; consumer-specific placement in scene specs,not-found-by-literal-import-scan,module graph only; not proof of mounted route; dynamic nonliteral imports not resolved
game/src/components/scenes/character/CharacterIdentityHeader.vue,inventoried,not-runtime-verified,use final shared pack; preserve content/character/world assets per handoff; consumer-specific placement in scene specs,not-found-by-literal-import-scan,module graph only; not proof of mounted route; dynamic nonliteral imports not resolved
game/src/components/scenes/character/CharacterMainStatRow.vue,inventoried,not-runtime-verified,use final shared pack; preserve content/character/world assets per handoff; consumer-specific placement in scene specs,not-found-by-literal-import-scan,module graph only; not proof of mounted route; dynamic nonliteral imports not resolved
game/src/components/scenes/character/CharacterMainStats.vue,inventoried,not-runtime-verified,use final shared pack; preserve content/character/world assets per handoff; consumer-specific placement in scene specs,not-found-by-literal-import-scan,module graph only; not proof of mounted route; dynamic nonliteral imports not resolved
game/src/components/scenes/character/CharacterScene.vue,inventoried,not-runtime-verified,use final shared pack; preserve content/character/world assets per handoff; consumer-specific placement in scene specs,not-found-by-literal-import-scan,module graph only; not proof of mounted route; dynamic nonliteral imports not resolved
game/src/components/scenes/character/CharacterSectionPlaque.vue,inventoried,not-runtime-verified,use final shared pack; preserve content/character/world assets per handoff; consumer-specific placement in scene specs,not-found-by-literal-import-scan,module graph only; not proof of mounted route; dynamic nonliteral imports not resolved
game/src/components/scenes/character/CharacterSurface.vue,inventoried,not-runtime-verified,use final shared pack; preserve content/character/world assets per handoff; consumer-specific placement in scene specs,reachable-from-main,module graph only; not proof of mounted route; dynamic nonliteral imports not resolved
game/src/components/scenes/character/CharacterTalentSeals.vue,inventoried,not-runtime-verified,use final shared pack; preserve content/character/world assets per handoff; consumer-specific placement in scene specs,not-found-by-literal-import-scan,module graph only; not proof of mounted route; dynamic nonliteral imports not resolved
game/src/components/scenes/character/fidelity/CharacterFidelityDetails.vue,inventoried,not-runtime-verified,use final shared pack; preserve content/character/world assets per handoff; consumer-specific placement in scene specs,reachable-from-main,module graph only; not proof of mounted route; dynamic nonliteral imports not resolved
game/src/components/scenes/character/fidelity/CharacterFidelityFigure.vue,inventoried,not-runtime-verified,use final shared pack; preserve content/character/world assets per handoff; consumer-specific placement in scene specs,reachable-from-main,module graph only; not proof of mounted route; dynamic nonliteral imports not resolved
game/src/components/scenes/character/fidelity/CharacterFidelityIdentity.vue,inventoried,not-runtime-verified,use final shared pack; preserve content/character/world assets per handoff; consumer-specific placement in scene specs,reachable-from-main,module graph only; not proof of mounted route; dynamic nonliteral imports not resolved
game/src/components/scenes/character/fidelity/CharacterFidelityScene.vue,inventoried,not-runtime-verified,use final shared pack; preserve content/character/world assets per handoff; consumer-specific placement in scene specs,reachable-from-main,module graph only; not proof of mounted route; dynamic nonliteral imports not resolved
game/src/components/scenes/character/fidelity/CharacterFidelityStats.vue,inventoried,not-runtime-verified,use final shared pack; preserve content/character/world assets per handoff; consumer-specific placement in scene specs,reachable-from-main,module graph only; not proof of mounted route; dynamic nonliteral imports not resolved
game/src/components/scenes/combat/CombatActionDock.vue,inventoried,not-runtime-verified,use final shared pack; preserve content/character/world assets per handoff; consumer-specific placement in scene specs,reachable-from-main,module graph only; not proof of mounted route; dynamic nonliteral imports not resolved
game/src/components/scenes/combat/CombatAiRail.vue,inventoried,not-runtime-verified,use final shared pack; preserve content/character/world assets per handoff; consumer-specific placement in scene specs,reachable-from-main,module graph only; not proof of mounted route; dynamic nonliteral imports not resolved
game/src/components/scenes/combat/CombatLogFeed.vue,inventoried,not-runtime-verified,use final shared pack; preserve content/character/world assets per handoff; consumer-specific placement in scene specs,reachable-from-main,module graph only; not proof of mounted route; dynamic nonliteral imports not resolved
game/src/components/scenes/combat/CombatModalLayer.vue,inventoried,not-runtime-verified,use final shared pack; preserve content/character/world assets per handoff; consumer-specific placement in scene specs,reachable-from-main,module graph only; not proof of mounted route; dynamic nonliteral imports not resolved
game/src/components/scenes/combat/CombatTopRail.vue,inventoried,not-runtime-verified,use final shared pack; preserve content/character/world assets per handoff; consumer-specific placement in scene specs,reachable-from-main,module graph only; not proof of mounted route; dynamic nonliteral imports not resolved
game/src/components/scenes/combat/CombatTurnRail.vue,inventoried,not-runtime-verified,use final shared pack; preserve content/character/world assets per handoff; consumer-specific placement in scene specs,reachable-from-main,module graph only; not proof of mounted route; dynamic nonliteral imports not resolved
game/src/components/scenes/combat/fidelity/CombatFidelityControls.vue,inventoried,not-runtime-verified,use final shared pack; preserve content/character/world assets per handoff; consumer-specific placement in scene specs,not-found-by-literal-import-scan,module graph only; not proof of mounted route; dynamic nonliteral imports not resolved
game/src/components/scenes/combat/fidelity/CombatFidelityFrame.vue,inventoried,not-runtime-verified,use final shared pack; preserve content/character/world assets per handoff; consumer-specific placement in scene specs,not-found-by-literal-import-scan,module graph only; not proof of mounted route; dynamic nonliteral imports not resolved
game/src/components/scenes/combat/fidelity/CombatFidelityMeter.vue,inventoried,not-runtime-verified,use final shared pack; preserve content/character/world assets per handoff; consumer-specific placement in scene specs,not-found-by-literal-import-scan,module graph only; not proof of mounted route; dynamic nonliteral imports not resolved
game/src/components/scenes/combat/fidelity/CombatFidelityPlayer.vue,inventoried,not-runtime-verified,use final shared pack; preserve content/character/world assets per handoff; consumer-specific placement in scene specs,not-found-by-literal-import-scan,module graph only; not proof of mounted route; dynamic nonliteral imports not resolved
game/src/components/scenes/combat/fidelity/CombatFidelityPortrait.vue,inventoried,not-runtime-verified,use final shared pack; preserve content/character/world assets per handoff; consumer-specific placement in scene specs,not-found-by-literal-import-scan,module graph only; not proof of mounted route; dynamic nonliteral imports not resolved
game/src/components/scenes/combat/fidelity/CombatFidelityScene.vue,inventoried,not-runtime-verified,use final shared pack; preserve content/character/world assets per handoff; consumer-specific placement in scene specs,not-found-by-literal-import-scan,module graph only; not proof of mounted route; dynamic nonliteral imports not resolved
game/src/components/scenes/combat/fidelity/CombatFidelityTurns.vue,inventoried,not-runtime-verified,use final shared pack; preserve content/character/world assets per handoff; consumer-specific placement in scene specs,not-found-by-literal-import-scan,module graph only; not proof of mounted route; dynamic nonliteral imports not resolved
game/src/components/scenes/creation/CreationBackButton.vue,inventoried,not-runtime-verified,use final shared pack; preserve content/character/world assets per handoff; consumer-specific placement in scene specs,reachable-from-main,module graph only; not proof of mounted route; dynamic nonliteral imports not resolved
game/src/components/scenes/creation/CreationChoiceGrid.vue,inventoried,not-runtime-verified,use final shared pack; preserve content/character/world assets per handoff; consumer-specific placement in scene specs,reachable-from-main,module graph only; not proof of mounted route; dynamic nonliteral imports not resolved
game/src/components/scenes/creation/CreationChoiceTile.vue,inventoried,not-runtime-verified,use final shared pack; preserve content/character/world assets per handoff; consumer-specific placement in scene specs,reachable-from-main,module graph only; not proof of mounted route; dynamic nonliteral imports not resolved
game/src/components/scenes/creation/CreationFooter.vue,inventoried,not-runtime-verified,use final shared pack; preserve content/character/world assets per handoff; consumer-specific placement in scene specs,reachable-from-main,module graph only; not proof of mounted route; dynamic nonliteral imports not resolved
game/src/components/scenes/creation/CreationNameField.vue,inventoried,not-runtime-verified,use final shared pack; preserve content/character/world assets per handoff; consumer-specific placement in scene specs,reachable-from-main,module graph only; not proof of mounted route; dynamic nonliteral imports not resolved
game/src/components/scenes/creation/CreationNameSection.vue,inventoried,not-runtime-verified,use final shared pack; preserve content/character/world assets per handoff; consumer-specific placement in scene specs,reachable-from-main,module graph only; not proof of mounted route; dynamic nonliteral imports not resolved
game/src/components/scenes/creation/CreationSceneLayout.vue,inventoried,not-runtime-verified,use final shared pack; preserve content/character/world assets per handoff; consumer-specific placement in scene specs,reachable-from-main,module graph only; not proof of mounted route; dynamic nonliteral imports not resolved
game/src/components/scenes/creation/CreationScrollShell.vue,inventoried,not-runtime-verified,use final shared pack; preserve content/character/world assets per handoff; consumer-specific placement in scene specs,reachable-from-main,module graph only; not proof of mounted route; dynamic nonliteral imports not resolved
game/src/components/scenes/creation/CreationSealStamp.vue,inventoried,not-runtime-verified,use final shared pack; preserve content/character/world assets per handoff; consumer-specific placement in scene specs,reachable-from-main,module graph only; not proof of mounted route; dynamic nonliteral imports not resolved
game/src/components/scenes/creation/CreationSectionHeader.vue,inventoried,not-runtime-verified,use final shared pack; preserve content/character/world assets per handoff; consumer-specific placement in scene specs,reachable-from-main,module graph only; not proof of mounted route; dynamic nonliteral imports not resolved
game/src/components/scenes/creation/CreationSkillSymbol.vue,inventoried,not-runtime-verified,use final shared pack; preserve content/character/world assets per handoff; consumer-specific placement in scene specs,reachable-from-main,module graph only; not proof of mounted route; dynamic nonliteral imports not resolved
game/src/components/scenes/creation/CreationStarterSlot.vue,inventoried,not-runtime-verified,use final shared pack; preserve content/character/world assets per handoff; consumer-specific placement in scene specs,reachable-from-main,module graph only; not proof of mounted route; dynamic nonliteral imports not resolved
game/src/components/scenes/creation/CreationTalentSection.vue,inventoried,not-runtime-verified,use final shared pack; preserve content/character/world assets per handoff; consumer-specific placement in scene specs,reachable-from-main,module graph only; not proof of mounted route; dynamic nonliteral imports not resolved
game/src/components/scenes/creation/CreationTitleBlock.vue,inventoried,not-runtime-verified,use final shared pack; preserve content/character/world assets per handoff; consumer-specific placement in scene specs,reachable-from-main,module graph only; not proof of mounted route; dynamic nonliteral imports not resolved
game/src/components/scenes/creation/TalentCard.vue,inventoried,not-runtime-verified,use final shared pack; preserve content/character/world assets per handoff; consumer-specific placement in scene specs,reachable-from-main,module graph only; not proof of mounted route; dynamic nonliteral imports not resolved
game/src/components/scenes/creation/TalentCardEmblem.vue,inventoried,not-runtime-verified,use final shared pack; preserve content/character/world assets per handoff; consumer-specific placement in scene specs,reachable-from-main,module graph only; not proof of mounted route; dynamic nonliteral imports not resolved
game/src/components/scenes/defeat/DefeatActionRow.vue,inventoried,not-runtime-verified,use final shared pack; preserve content/character/world assets per handoff; consumer-specific placement in scene specs,reachable-from-main,module graph only; not proof of mounted route; dynamic nonliteral imports not resolved
game/src/components/scenes/defeat/DefeatHintBlock.vue,inventoried,not-runtime-verified,use final shared pack; preserve content/character/world assets per handoff; consumer-specific placement in scene specs,reachable-from-main,module graph only; not proof of mounted route; dynamic nonliteral imports not resolved
game/src/components/scenes/defeat/DefeatRewardBlock.vue,inventoried,not-runtime-verified,use final shared pack; preserve content/character/world assets per handoff; consumer-specific placement in scene specs,reachable-from-main,module graph only; not proof of mounted route; dynamic nonliteral imports not resolved
game/src/components/scenes/defeat/DefeatTitleBand.vue,inventoried,not-runtime-verified,use final shared pack; preserve content/character/world assets per handoff; consumer-specific placement in scene specs,reachable-from-main,module graph only; not proof of mounted route; dynamic nonliteral imports not resolved
game/src/components/scenes/defeat/fidelity/DefeatFidelityScene.vue,inventoried,not-runtime-verified,use final shared pack; preserve content/character/world assets per handoff; consumer-specific placement in scene specs,not-found-by-literal-import-scan,module graph only; not proof of mounted route; dynamic nonliteral imports not resolved
game/src/components/scenes/dong-fu/DongFuStage.vue,inventoried,not-runtime-verified,use final shared pack; preserve content/character/world assets per handoff; consumer-specific placement in scene specs,reachable-from-main,module graph only; not proof of mounted route; dynamic nonliteral imports not resolved
game/src/components/scenes/dong-fu/fidelity/DongFuArtFrame.vue,inventoried,not-runtime-verified,use final shared pack; preserve content/character/world assets per handoff; consumer-specific placement in scene specs,reachable-from-main,module graph only; not proof of mounted route; dynamic nonliteral imports not resolved
game/src/components/scenes/dong-fu/fidelity/DongFuBoard.vue,inventoried,not-runtime-verified,use final shared pack; preserve content/character/world assets per handoff; consumer-specific placement in scene specs,reachable-from-main,module graph only; not proof of mounted route; dynamic nonliteral imports not resolved
game/src/components/scenes/dong-fu/fidelity/DongFuFidelityScene.vue,inventoried,not-runtime-verified,use final shared pack; preserve content/character/world assets per handoff; consumer-specific placement in scene specs,not-found-by-literal-import-scan,module graph only; not proof of mounted route; dynamic nonliteral imports not resolved
game/src/components/scenes/dong-fu/fidelity/DongFuHomeContent.vue,inventoried,not-runtime-verified,use final shared pack; preserve content/character/world assets per handoff; consumer-specific placement in scene specs,reachable-from-main,module graph only; not proof of mounted route; dynamic nonliteral imports not resolved
game/src/components/scenes/dong-fu/fidelity/DongFuHud.vue,inventoried,not-runtime-verified,use final shared pack; preserve content/character/world assets per handoff; consumer-specific placement in scene specs,reachable-from-main,module graph only; not proof of mounted route; dynamic nonliteral imports not resolved
game/src/components/scenes/dong-fu/fidelity/DongFuVista.vue,inventoried,not-runtime-verified,use final shared pack; preserve content/character/world assets per handoff; consumer-specific placement in scene specs,reachable-from-main,module graph only; not proof of mounted route; dynamic nonliteral imports not resolved
game/src/components/scenes/dong-fu/fidelity/DongFuWheel.vue,inventoried,not-runtime-verified,use final shared pack; preserve content/character/world assets per handoff; consumer-specific placement in scene specs,reachable-from-main,module graph only; not proof of mounted route; dynamic nonliteral imports not resolved
game/src/components/scenes/dong-fu/hud/DongFuResourcePill.vue,inventoried,not-runtime-verified,use final shared pack; preserve content/character/world assets per handoff; consumer-specific placement in scene specs,not-found-by-literal-import-scan,module graph only; not proof of mounted route; dynamic nonliteral imports not resolved
game/src/components/scenes/equipment/EquipmentSurface.vue,inventoried,not-runtime-verified,use final shared pack; preserve content/character/world assets per handoff; consumer-specific placement in scene specs,reachable-from-main,module graph only; not proof of mounted route; dynamic nonliteral imports not resolved
game/src/components/scenes/equipment/bag/EquipmentBagPanel.vue,inventoried,not-runtime-verified,use final shared pack; preserve content/character/world assets per handoff; consumer-specific placement in scene specs,reachable-from-main,module graph only; not proof of mounted route; dynamic nonliteral imports not resolved
game/src/components/scenes/equipment/detail/EquipmentItemDetail.vue,inventoried,not-runtime-verified,use final shared pack; preserve content/character/world assets per handoff; consumer-specific placement in scene specs,reachable-from-main,module graph only; not proof of mounted route; dynamic nonliteral imports not resolved
game/src/components/scenes/equipment/fidelity/EquipmentFidelityScene.vue,inventoried,not-runtime-verified,use final shared pack; preserve content/character/world assets per handoff; consumer-specific placement in scene specs,reachable-from-main,module graph only; not proof of mounted route; dynamic nonliteral imports not resolved
game/src/components/scenes/equipment/fidelity/EquipmentPaperItem.vue,inventoried,not-runtime-verified,use final shared pack; preserve content/character/world assets per handoff; consumer-specific placement in scene specs,reachable-from-main,module graph only; not proof of mounted route; dynamic nonliteral imports not resolved
game/src/components/scenes/equipment/fidelity/EquipmentPaperTooltip.vue,inventoried,not-runtime-verified,use final shared pack; preserve content/character/world assets per handoff; consumer-specific placement in scene specs,reachable-from-main,module graph only; not proof of mounted route; dynamic nonliteral imports not resolved
game/src/components/scenes/equipment/fidelity/ForgeBatchBag.vue,inventoried,not-runtime-verified,use final shared pack; preserve content/character/world assets per handoff; consumer-specific placement in scene specs,reachable-from-main,module graph only; not proof of mounted route; dynamic nonliteral imports not resolved
game/src/components/scenes/equipment/fidelity/ForgeFidelityScene.vue,inventoried,not-runtime-verified,use final shared pack; preserve content/character/world assets per handoff; consumer-specific placement in scene specs,reachable-from-main,module graph only; not proof of mounted route; dynamic nonliteral imports not resolved
game/src/components/scenes/equipment/fidelity/ForgeFidelityWorkspace.vue,inventoried,not-runtime-verified,use final shared pack; preserve content/character/world assets per handoff; consumer-specific placement in scene specs,reachable-from-main,module graph only; not proof of mounted route; dynamic nonliteral imports not resolved
game/src/components/scenes/equipment/paperdoll/EquipmentPaperdollStage.vue,inventoried,not-runtime-verified,use final shared pack; preserve content/character/world assets per handoff; consumer-specific placement in scene specs,reachable-from-main,module graph only; not proof of mounted route; dynamic nonliteral imports not resolved
game/src/components/scenes/exploration/ExplorationSurface.vue,inventoried,not-runtime-verified,use final shared pack; preserve content/character/world assets per handoff; consumer-specific placement in scene specs,reachable-from-main,module graph only; not proof of mounted route; dynamic nonliteral imports not resolved
game/src/components/scenes/exploration/fidelity/ExplorationFidelityScene.vue,inventoried,not-runtime-verified,use final shared pack; preserve content/character/world assets per handoff; consumer-specific placement in scene specs,reachable-from-main,module graph only; not proof of mounted route; dynamic nonliteral imports not resolved
game/src/components/scenes/exploration/fidelity/ExplorationPaperDetails.vue,inventoried,not-runtime-verified,use final shared pack; preserve content/character/world assets per handoff; consumer-specific placement in scene specs,reachable-from-main,module graph only; not proof of mounted route; dynamic nonliteral imports not resolved
game/src/components/scenes/exploration/fidelity/ExplorationPaperMap.vue,inventoried,not-runtime-verified,use final shared pack; preserve content/character/world assets per handoff; consumer-specific placement in scene specs,reachable-from-main,module graph only; not proof of mounted route; dynamic nonliteral imports not resolved
game/src/components/scenes/inventory/InventorySurface.vue,inventoried,not-runtime-verified,use final shared pack; preserve content/character/world assets per handoff; consumer-specific placement in scene specs,reachable-from-main,module graph only; not proof of mounted route; dynamic nonliteral imports not resolved
game/src/components/scenes/inventory/fidelity/InventoryFidelityDetail.vue,inventoried,not-runtime-verified,use final shared pack; preserve content/character/world assets per handoff; consumer-specific placement in scene specs,reachable-from-main,module graph only; not proof of mounted route; dynamic nonliteral imports not resolved
game/src/components/scenes/inventory/fidelity/InventoryFidelityScene.vue,inventoried,not-runtime-verified,use final shared pack; preserve content/character/world assets per handoff; consumer-specific placement in scene specs,reachable-from-main,module graph only; not proof of mounted route; dynamic nonliteral imports not resolved
game/src/components/scenes/login/AuthCredentialForm.vue,inventoried,not-runtime-verified,use final shared pack; preserve content/character/world assets per handoff; consumer-specific placement in scene specs,reachable-from-main,module graph only; not proof of mounted route; dynamic nonliteral imports not resolved
game/src/components/scenes/login/AuthModeTabs.vue,inventoried,not-runtime-verified,use final shared pack; preserve content/character/world assets per handoff; consumer-specific placement in scene specs,reachable-from-main,module graph only; not proof of mounted route; dynamic nonliteral imports not resolved
game/src/components/scenes/login/AuthSecondaryActions.vue,inventoried,not-runtime-verified,use final shared pack; preserve content/character/world assets per handoff; consumer-specific placement in scene specs,reachable-from-main,module graph only; not proof of mounted route; dynamic nonliteral imports not resolved
game/src/components/scenes/login/AuthSubmitButton.vue,inventoried,not-runtime-verified,use final shared pack; preserve content/character/world assets per handoff; consumer-specific placement in scene specs,reachable-from-main,module graph only; not proof of mounted route; dynamic nonliteral imports not resolved
game/src/components/scenes/login/LoginIdField.vue,inventoried,not-runtime-verified,use final shared pack; preserve content/character/world assets per handoff; consumer-specific placement in scene specs,reachable-from-main,module graph only; not proof of mounted route; dynamic nonliteral imports not resolved
game/src/components/scenes/login/LoginLocaleChips.vue,inventoried,not-runtime-verified,use final shared pack; preserve content/character/world assets per handoff; consumer-specific placement in scene specs,reachable-from-main,module graph only; not proof of mounted route; dynamic nonliteral imports not resolved
game/src/components/scenes/login/LoginLogoBlock.vue,inventoried,not-runtime-verified,use final shared pack; preserve content/character/world assets per handoff; consumer-specific placement in scene specs,reachable-from-main,module graph only; not proof of mounted route; dynamic nonliteral imports not resolved
game/src/components/scenes/login/LoginNoticeLines.vue,inventoried,not-runtime-verified,use final shared pack; preserve content/character/world assets per handoff; consumer-specific placement in scene specs,reachable-from-main,module graph only; not proof of mounted route; dynamic nonliteral imports not resolved
game/src/components/scenes/login/LoginPasswordField.vue,inventoried,not-runtime-verified,use final shared pack; preserve content/character/world assets per handoff; consumer-specific placement in scene specs,reachable-from-main,module graph only; not proof of mounted route; dynamic nonliteral imports not resolved
game/src/components/scenes/login/LoginSceneVista.vue,inventoried,not-runtime-verified,use final shared pack; preserve content/character/world assets per handoff; consumer-specific placement in scene specs,reachable-from-main,module graph only; not proof of mounted route; dynamic nonliteral imports not resolved
game/src/components/scenes/login/LoginScrollCard.vue,inventoried,not-runtime-verified,use final shared pack; preserve content/character/world assets per handoff; consumer-specific placement in scene specs,reachable-from-main,module graph only; not proof of mounted route; dynamic nonliteral imports not resolved
game/src/components/scenes/login/LoginUpgradeSection.vue,inventoried,not-runtime-verified,use final shared pack; preserve content/character/world assets per handoff; consumer-specific placement in scene specs,reachable-from-main,module graph only; not proof of mounted route; dynamic nonliteral imports not resolved
game/src/components/scenes/quest/QuestScene.vue,inventoried,not-runtime-verified,use final shared pack; preserve content/character/world assets per handoff; consumer-specific placement in scene specs,reachable-from-main,module graph only; not proof of mounted route; dynamic nonliteral imports not resolved
game/src/components/scenes/quest/detail/QuestClaimCta.vue,inventoried,not-runtime-verified,use final shared pack; preserve content/character/world assets per handoff; consumer-specific placement in scene specs,reachable-from-main,module graph only; not proof of mounted route; dynamic nonliteral imports not resolved
game/src/components/scenes/quest/detail/QuestDetailPanel.vue,inventoried,not-runtime-verified,use final shared pack; preserve content/character/world assets per handoff; consumer-specific placement in scene specs,reachable-from-main,module graph only; not proof of mounted route; dynamic nonliteral imports not resolved
game/src/components/scenes/quest/detail/QuestDetailVista.vue,inventoried,not-runtime-verified,use final shared pack; preserve content/character/world assets per handoff; consumer-specific placement in scene specs,reachable-from-main,module graph only; not proof of mounted route; dynamic nonliteral imports not resolved
game/src/components/scenes/quest/detail/QuestObjectiveList.vue,inventoried,not-runtime-verified,use final shared pack; preserve content/character/world assets per handoff; consumer-specific placement in scene specs,reachable-from-main,module graph only; not proof of mounted route; dynamic nonliteral imports not resolved
game/src/components/scenes/quest/detail/QuestRewardRow.vue,inventoried,not-runtime-verified,use final shared pack; preserve content/character/world assets per handoff; consumer-specific placement in scene specs,reachable-from-main,module graph only; not proof of mounted route; dynamic nonliteral imports not resolved
game/src/components/scenes/quest/detail/QuestSectionPlaque.vue,inventoried,not-runtime-verified,use final shared pack; preserve content/character/world assets per handoff; consumer-specific placement in scene specs,reachable-from-main,module graph only; not proof of mounted route; dynamic nonliteral imports not resolved
game/src/components/scenes/quest/fidelity/QuestFidelityDetail.vue,inventoried,not-runtime-verified,use final shared pack; preserve content/character/world assets per handoff; consumer-specific placement in scene specs,reachable-from-main,module graph only; not proof of mounted route; dynamic nonliteral imports not resolved
game/src/components/scenes/quest/fidelity/QuestFidelityScene.vue,inventoried,not-runtime-verified,use final shared pack; preserve content/character/world assets per handoff; consumer-specific placement in scene specs,reachable-from-main,module graph only; not proof of mounted route; dynamic nonliteral imports not resolved
game/src/components/scenes/quest/list/QuestList.vue,inventoried,not-runtime-verified,use final shared pack; preserve content/character/world assets per handoff; consumer-specific placement in scene specs,reachable-from-main,module graph only; not proof of mounted route; dynamic nonliteral imports not resolved
game/src/components/scenes/quest/list/QuestRow.vue,inventoried,not-runtime-verified,use final shared pack; preserve content/character/world assets per handoff; consumer-specific placement in scene specs,reachable-from-main,module graph only; not proof of mounted route; dynamic nonliteral imports not resolved
game/src/components/scenes/quest/tabs/QuestGroupTabs.vue,inventoried,not-runtime-verified,use final shared pack; preserve content/character/world assets per handoff; consumer-specific placement in scene specs,reachable-from-main,module graph only; not proof of mounted route; dynamic nonliteral imports not resolved
game/src/components/scenes/realm/RealmActionBlock.vue,inventoried,not-runtime-verified,use final shared pack; preserve content/character/world assets per handoff; consumer-specific placement in scene specs,not-found-by-literal-import-scan,module graph only; not proof of mounted route; dynamic nonliteral imports not resolved
game/src/components/scenes/realm/RealmAscentMap.vue,inventoried,not-runtime-verified,use final shared pack; preserve content/character/world assets per handoff; consumer-specific placement in scene specs,not-found-by-literal-import-scan,module graph only; not proof of mounted route; dynamic nonliteral imports not resolved
game/src/components/scenes/realm/RealmAscentNode.vue,inventoried,not-runtime-verified,use final shared pack; preserve content/character/world assets per handoff; consumer-specific placement in scene specs,not-found-by-literal-import-scan,module graph only; not proof of mounted route; dynamic nonliteral imports not resolved
game/src/components/scenes/realm/RealmAscentTrack.vue,inventoried,not-runtime-verified,use final shared pack; preserve content/character/world assets per handoff; consumer-specific placement in scene specs,not-found-by-literal-import-scan,module graph only; not proof of mounted route; dynamic nonliteral imports not resolved
game/src/components/scenes/realm/RealmBreakthroughCta.vue,inventoried,not-runtime-verified,use final shared pack; preserve content/character/world assets per handoff; consumer-specific placement in scene specs,not-found-by-literal-import-scan,module graph only; not proof of mounted route; dynamic nonliteral imports not resolved
game/src/components/scenes/realm/RealmCultivationBar.vue,inventoried,not-runtime-verified,use final shared pack; preserve content/character/world assets per handoff; consumer-specific placement in scene specs,not-found-by-literal-import-scan,module graph only; not proof of mounted route; dynamic nonliteral imports not resolved
game/src/components/scenes/realm/RealmDetailRail.vue,inventoried,not-runtime-verified,use final shared pack; preserve content/character/world assets per handoff; consumer-specific placement in scene specs,not-found-by-literal-import-scan,module graph only; not proof of mounted route; dynamic nonliteral imports not resolved
game/src/components/scenes/realm/RealmIdentityCard.vue,inventoried,not-runtime-verified,use final shared pack; preserve content/character/world assets per handoff; consumer-specific placement in scene specs,not-found-by-literal-import-scan,module graph only; not proof of mounted route; dynamic nonliteral imports not resolved
game/src/components/scenes/realm/RealmPassiveList.vue,inventoried,not-runtime-verified,use final shared pack; preserve content/character/world assets per handoff; consumer-specific placement in scene specs,not-found-by-literal-import-scan,module graph only; not proof of mounted route; dynamic nonliteral imports not resolved
game/src/components/scenes/realm/RealmRequirementChips.vue,inventoried,not-runtime-verified,use final shared pack; preserve content/character/world assets per handoff; consumer-specific placement in scene specs,not-found-by-literal-import-scan,module graph only; not proof of mounted route; dynamic nonliteral imports not resolved
game/src/components/scenes/realm/RealmSectionTitle.vue,inventoried,not-runtime-verified,use final shared pack; preserve content/character/world assets per handoff; consumer-specific placement in scene specs,not-found-by-literal-import-scan,module graph only; not proof of mounted route; dynamic nonliteral imports not resolved
game/src/components/scenes/realm/RealmSurface.vue,inventoried,not-runtime-verified,use final shared pack; preserve content/character/world assets per handoff; consumer-specific placement in scene specs,reachable-from-main,module graph only; not proof of mounted route; dynamic nonliteral imports not resolved
game/src/components/scenes/realm/fidelity/RealmFidelityScene.vue,inventoried,not-runtime-verified,use final shared pack; preserve content/character/world assets per handoff; consumer-specific placement in scene specs,reachable-from-main,module graph only; not proof of mounted route; dynamic nonliteral imports not resolved
game/src/components/scenes/realm/fidelity/RealmPaperDetails.vue,inventoried,not-runtime-verified,use final shared pack; preserve content/character/world assets per handoff; consumer-specific placement in scene specs,reachable-from-main,module graph only; not proof of mounted route; dynamic nonliteral imports not resolved
game/src/components/scenes/realm/fidelity/RealmPaperMap.vue,inventoried,not-runtime-verified,use final shared pack; preserve content/character/world assets per handoff; consumer-specific placement in scene specs,reachable-from-main,module graph only; not proof of mounted route; dynamic nonliteral imports not resolved
game/src/components/scenes/settings/SettingsAccountSection.vue,inventoried,not-runtime-verified,use final shared pack; preserve content/character/world assets per handoff; consumer-specific placement in scene specs,reachable-from-main,module graph only; not proof of mounted route; dynamic nonliteral imports not resolved
game/src/components/scenes/settings/SettingsAudioSection.vue,inventoried,not-runtime-verified,use final shared pack; preserve content/character/world assets per handoff; consumer-specific placement in scene specs,reachable-from-main,module graph only; not proof of mounted route; dynamic nonliteral imports not resolved
game/src/components/scenes/settings/SettingsBuildSection.vue,inventoried,not-runtime-verified,use final shared pack; preserve content/character/world assets per handoff; consumer-specific placement in scene specs,reachable-from-main,module graph only; not proof of mounted route; dynamic nonliteral imports not resolved
game/src/components/scenes/settings/SettingsFeedbackSection.vue,inventoried,not-runtime-verified,use final shared pack; preserve content/character/world assets per handoff; consumer-specific placement in scene specs,reachable-from-main,module graph only; not proof of mounted route; dynamic nonliteral imports not resolved
game/src/components/scenes/settings/SettingsLanguageSection.vue,inventoried,not-runtime-verified,use final shared pack; preserve content/character/world assets per handoff; consumer-specific placement in scene specs,reachable-from-main,module graph only; not proof of mounted route; dynamic nonliteral imports not resolved
game/src/components/scenes/settings/SettingsNavRail.vue,inventoried,not-runtime-verified,use final shared pack; preserve content/character/world assets per handoff; consumer-specific placement in scene specs,reachable-from-main,module graph only; not proof of mounted route; dynamic nonliteral imports not resolved
game/src/components/scenes/settings/SettingsSaveSection.vue,inventoried,not-runtime-verified,use final shared pack; preserve content/character/world assets per handoff; consumer-specific placement in scene specs,reachable-from-main,module graph only; not proof of mounted route; dynamic nonliteral imports not resolved
game/src/components/scenes/settings/SettingsSectionFrame.vue,inventoried,not-runtime-verified,use final shared pack; preserve content/character/world assets per handoff; consumer-specific placement in scene specs,reachable-from-main,module graph only; not proof of mounted route; dynamic nonliteral imports not resolved
game/src/components/scenes/settings/SettingsSurface.vue,inventoried,not-runtime-verified,use final shared pack; preserve content/character/world assets per handoff; consumer-specific placement in scene specs,reachable-from-main,module graph only; not proof of mounted route; dynamic nonliteral imports not resolved
game/src/components/scenes/settings/SettingsUiScaleSection.vue,inventoried,not-runtime-verified,use final shared pack; preserve content/character/world assets per handoff; consumer-specific placement in scene specs,reachable-from-main,module graph only; not proof of mounted route; dynamic nonliteral imports not resolved
game/src/components/scenes/settings/SettingsUpdateSection.vue,inventoried,not-runtime-verified,use final shared pack; preserve content/character/world assets per handoff; consumer-specific placement in scene specs,reachable-from-main,module graph only; not proof of mounted route; dynamic nonliteral imports not resolved
game/src/components/scenes/settings/fidelity/SettingsFidelityScene.vue,inventoried,not-runtime-verified,use final shared pack; preserve content/character/world assets per handoff; consumer-specific placement in scene specs,reachable-from-main,module graph only; not proof of mounted route; dynamic nonliteral imports not resolved
game/src/components/scenes/settings/fidelity/SettingsFidelitySection.vue,inventoried,not-runtime-verified,use final shared pack; preserve content/character/world assets per handoff; consumer-specific placement in scene specs,reachable-from-main,module graph only; not proof of mounted route; dynamic nonliteral imports not resolved
game/src/components/scenes/skill/SkillSurface.vue,inventoried,not-runtime-verified,use final shared pack; preserve content/character/world assets per handoff; consumer-specific placement in scene specs,reachable-from-main,module graph only; not proof of mounted route; dynamic nonliteral imports not resolved
game/src/components/scenes/skill/fidelity/SkillFidelityScene.vue,inventoried,not-runtime-verified,use final shared pack; preserve content/character/world assets per handoff; consumer-specific placement in scene specs,reachable-from-main,module graph only; not proof of mounted route; dynamic nonliteral imports not resolved
game/src/components/scenes/skill/fidelity/SkillPaperDetails.vue,inventoried,not-runtime-verified,use final shared pack; preserve content/character/world assets per handoff; consumer-specific placement in scene specs,reachable-from-main,module graph only; not proof of mounted route; dynamic nonliteral imports not resolved
game/src/components/scenes/skill/fidelity/SkillPaperNode.vue,inventoried,not-runtime-verified,use final shared pack; preserve content/character/world assets per handoff; consumer-specific placement in scene specs,reachable-from-main,module graph only; not proof of mounted route; dynamic nonliteral imports not resolved
game/src/components/scenes/skill/fidelity/SkillPaperTree.vue,inventoried,not-runtime-verified,use final shared pack; preserve content/character/world assets per handoff; consumer-specific placement in scene specs,reachable-from-main,module graph only; not proof of mounted route; dynamic nonliteral imports not resolved
game/src/components/scenes/technique/TechniqueSurface.vue,inventoried,not-runtime-verified,use final shared pack; preserve content/character/world assets per handoff; consumer-specific placement in scene specs,reachable-from-main,module graph only; not proof of mounted route; dynamic nonliteral imports not resolved
game/src/components/scenes/technique/fidelity/TechniqueFidelityScene.vue,inventoried,not-runtime-verified,use final shared pack; preserve content/character/world assets per handoff; consumer-specific placement in scene specs,reachable-from-main,module graph only; not proof of mounted route; dynamic nonliteral imports not resolved
game/src/components/scenes/technique/fidelity/TechniquePaperArtifact.vue,inventoried,not-runtime-verified,use final shared pack; preserve content/character/world assets per handoff; consumer-specific placement in scene specs,reachable-from-main,module graph only; not proof of mounted route; dynamic nonliteral imports not resolved
game/src/components/scenes/technique/fidelity/TechniquePaperInfo.vue,inventoried,not-runtime-verified,use final shared pack; preserve content/character/world assets per handoff; consumer-specific placement in scene specs,reachable-from-main,module graph only; not proof of mounted route; dynamic nonliteral imports not resolved
game/src/components/scenes/technique/fidelity/TechniquePaperUpgrade.vue,inventoried,not-runtime-verified,use final shared pack; preserve content/character/world assets per handoff; consumer-specific placement in scene specs,reachable-from-main,module graph only; not proof of mounted route; dynamic nonliteral imports not resolved
game/src/components/scenes/tribulation/TribulationChapterTracker.vue,inventoried,not-runtime-verified,use final shared pack; preserve content/character/world assets per handoff; consumer-specific placement in scene specs,reachable-from-main,module graph only; not proof of mounted route; dynamic nonliteral imports not resolved
game/src/components/scenes/tribulation/TribulationHpCluster.vue,inventoried,not-runtime-verified,use final shared pack; preserve content/character/world assets per handoff; consumer-specific placement in scene specs,reachable-from-main,module graph only; not proof of mounted route; dynamic nonliteral imports not resolved
game/src/components/scenes/tribulation/TribulationMindCard.vue,inventoried,not-runtime-verified,use final shared pack; preserve content/character/world assets per handoff; consumer-specific placement in scene specs,reachable-from-main,module graph only; not proof of mounted route; dynamic nonliteral imports not resolved
game/src/components/scenes/tribulation/TribulationRealmCard.vue,inventoried,not-runtime-verified,use final shared pack; preserve content/character/world assets per handoff; consumer-specific placement in scene specs,reachable-from-main,module graph only; not proof of mounted route; dynamic nonliteral imports not resolved
game/src/components/scenes/tribulation/TribulationResultBanner.vue,inventoried,not-runtime-verified,use final shared pack; preserve content/character/world assets per handoff; consumer-specific placement in scene specs,reachable-from-main,module graph only; not proof of mounted route; dynamic nonliteral imports not resolved
game/src/components/scenes/tribulation/TribulationStatusCard.vue,inventoried,not-runtime-verified,use final shared pack; preserve content/character/world assets per handoff; consumer-specific placement in scene specs,reachable-from-main,module graph only; not proof of mounted route; dynamic nonliteral imports not resolved
game/src/components/scenes/tribulation/fidelity/TribulationFidelityChapters.vue,inventoried,not-runtime-verified,use final shared pack; preserve content/character/world assets per handoff; consumer-specific placement in scene specs,not-found-by-literal-import-scan,module graph only; not proof of mounted route; dynamic nonliteral imports not resolved
game/src/components/scenes/tribulation/fidelity/TribulationFidelityFrame.vue,inventoried,not-runtime-verified,use final shared pack; preserve content/character/world assets per handoff; consumer-specific placement in scene specs,not-found-by-literal-import-scan,module graph only; not proof of mounted route; dynamic nonliteral imports not resolved
game/src/components/scenes/tribulation/fidelity/TribulationFidelityQuestion.vue,inventoried,not-runtime-verified,use final shared pack; preserve content/character/world assets per handoff; consumer-specific placement in scene specs,not-found-by-literal-import-scan,module graph only; not proof of mounted route; dynamic nonliteral imports not resolved
game/src/components/scenes/tribulation/fidelity/TribulationFidelityScene.vue,inventoried,not-runtime-verified,use final shared pack; preserve content/character/world assets per handoff; consumer-specific placement in scene specs,not-found-by-literal-import-scan,module graph only; not proof of mounted route; dynamic nonliteral imports not resolved
game/src/components/scenes/victory/VictoryActions.vue,inventoried,not-runtime-verified,use final shared pack; preserve content/character/world assets per handoff; consumer-specific placement in scene specs,reachable-from-main,module graph only; not proof of mounted route; dynamic nonliteral imports not resolved
game/src/components/scenes/victory/VictoryGrowthCard.vue,inventoried,not-runtime-verified,use final shared pack; preserve content/character/world assets per handoff; consumer-specific placement in scene specs,reachable-from-main,module graph only; not proof of mounted route; dynamic nonliteral imports not resolved
game/src/components/scenes/victory/VictoryGrowthRow.vue,inventoried,not-runtime-verified,use final shared pack; preserve content/character/world assets per handoff; consumer-specific placement in scene specs,reachable-from-main,module graph only; not proof of mounted route; dynamic nonliteral imports not resolved
game/src/components/scenes/victory/VictoryRewardSlot.vue,inventoried,not-runtime-verified,use final shared pack; preserve content/character/world assets per handoff; consumer-specific placement in scene specs,reachable-from-main,module graph only; not proof of mounted route; dynamic nonliteral imports not resolved
game/src/components/scenes/victory/VictoryRewardSlots.vue,inventoried,not-runtime-verified,use final shared pack; preserve content/character/world assets per handoff; consumer-specific placement in scene specs,reachable-from-main,module graph only; not proof of mounted route; dynamic nonliteral imports not resolved
game/src/components/scenes/victory/VictoryRoller.vue,inventoried,not-runtime-verified,use final shared pack; preserve content/character/world assets per handoff; consumer-specific placement in scene specs,reachable-from-main,module graph only; not proof of mounted route; dynamic nonliteral imports not resolved
game/src/components/scenes/victory/VictoryScene.vue,inventoried,not-runtime-verified,use final shared pack; preserve content/character/world assets per handoff; consumer-specific placement in scene specs,reachable-from-main,module graph only; not proof of mounted route; dynamic nonliteral imports not resolved
game/src/components/scenes/victory/VictorySectionPlaque.vue,inventoried,not-runtime-verified,use final shared pack; preserve content/character/world assets per handoff; consumer-specific placement in scene specs,reachable-from-main,module graph only; not proof of mounted route; dynamic nonliteral imports not resolved
game/src/components/scenes/victory/VictoryTitleBand.vue,inventoried,not-runtime-verified,use final shared pack; preserve content/character/world assets per handoff; consumer-specific placement in scene specs,reachable-from-main,module graph only; not proof of mounted route; dynamic nonliteral imports not resolved
game/src/components/scenes/victory/fidelity/VictoryFidelityGrowth.vue,inventoried,not-runtime-verified,use final shared pack; preserve content/character/world assets per handoff; consumer-specific placement in scene specs,not-found-by-literal-import-scan,module graph only; not proof of mounted route; dynamic nonliteral imports not resolved
game/src/components/scenes/victory/fidelity/VictoryFidelityRewards.vue,inventoried,not-runtime-verified,use final shared pack; preserve content/character/world assets per handoff; consumer-specific placement in scene specs,reachable-from-main,module graph only; not proof of mounted route; dynamic nonliteral imports not resolved
game/src/components/scenes/victory/fidelity/VictoryFidelityScene.vue,inventoried,not-runtime-verified,use final shared pack; preserve content/character/world assets per handoff; consumer-specific placement in scene specs,not-found-by-literal-import-scan,module graph only; not proof of mounted route; dynamic nonliteral imports not resolved
