"id","role","status","sourceWidth","sourceHeight","url1x","url2x","tintable","center","edgeMode"
"frame-xs-tooltip","tooltip / inline popup chrome","ready","96","96","/assets/ui/huyen-kim/frames/frame-xs-tooltip@1x.png","/assets/ui/huyen-kim/frames/frame-xs-tooltip@2x.png","True","transparent","stretch"
"frame-s-slot","item slot / icon cell","ready","96","96","/assets/ui/huyen-kim/slots/frame-s-slot@1x.png","/assets/ui/huyen-kim/slots/frame-s-slot@2x.png","True","transparent","stretch"
"surface-m-panel","standard panel body (Study rails)","ready","256","256","/assets/ui/huyen-kim/surfaces/surface-m-panel@1x.png","/assets/ui/huyen-kim/surfaces/surface-m-panel@2x.png","False","fill","stretch"
"frame-m-modal","feature modal frame (filter/detail)","ready","256","256","/assets/ui/huyen-kim/frames/frame-m-modal@1x.png","/assets/ui/huyen-kim/frames/frame-m-modal@2x.png","False","transparent","stretch"
"surface-l-drawer","side drawer / Thien Co Bang card","ready","384","384","/assets/ui/huyen-kim/surfaces/surface-l-drawer@1x.png","/assets/ui/huyen-kim/surfaces/surface-l-drawer@2x.png","False","fill","stretch"
"surface-xl-scroll","ceremonial scroll (victory/offline journal/dialog)","ready","512","640","/assets/ui/huyen-kim/scroll/surface-xl-scroll@1x.png","/assets/ui/huyen-kim/scroll/surface-xl-scroll@2x.png","False","fill","stretch"
"frame-xl-ceremony","ceremony surface (breakthrough/tribulation)","ready","512","512","/assets/ui/huyen-kim/frames/frame-xl-ceremony@1x.png","/assets/ui/huyen-kim/frames/frame-xl-ceremony@2x.png","False","transparent","stretch"
"button-compact","compact button (combat rail, counters)","ready","160","56","/assets/ui/huyen-kim/buttons/button-compact@1x.png","/assets/ui/huyen-kim/buttons/button-compact@2x.png","True","fill","stretch"
"button-standard","standard button (Study actions)","ready","192","72","/assets/ui/huyen-kim/buttons/button-standard@1x.png","/assets/ui/huyen-kim/buttons/button-standard@2x.png","True","fill","stretch"
"button-ceremonial","dominant CTA (Dot Pha / Nhap Tran / Luyen Dan)","ready","256","96","/assets/ui/huyen-kim/buttons/button-ceremonial@1x.png","/assets/ui/huyen-kim/buttons/button-ceremonial@2x.png","False","fill","stretch"
"icon-button-utility","top-bar utility circular seal (mail/bag/settings)","ready","96","96","/assets/ui/huyen-kim/buttons/icon-button-utility@1x.png","/assets/ui/huyen-kim/buttons/icon-button-utility@2x.png","True","fill","stretch"
"seal-chip","seal chip (talent, requirement badge)","ready","128","48","/assets/ui/huyen-kim/badges/seal-chip@1x.png","/assets/ui/huyen-kim/badges/seal-chip@2x.png","True","fill","stretch"
"resource-pill","top-bar resource counter capsule","ready","160","48","/assets/ui/huyen-kim/hud/resource-pill@1x.png","/assets/ui/huyen-kim/hud/resource-pill@2x.png","False","fill","stretch"
"entity-bar","combat entity HP/status bar (tint jade player / cinnabar enemy)","ready","192","32","/assets/ui/huyen-kim/bars/entity-bar@1x.png","/assets/ui/huyen-kim/bars/entity-bar@2x.png","True","fill","stretch"
"divider-ornament","horizontal divider with ornament center","ready","256","16","/assets/ui/huyen-kim/ornaments/divider-ornament@1x.png","/assets/ui/huyen-kim/ornaments/divider-ornament@2x.png","True","fill","stretch"
"scrollbar","scrollbar track+thumb composite","pending","32","128","/assets/ui/huyen-kim/scrollbar@1x.png","/assets/ui/huyen-kim/scrollbar@2x.png","True","fill","stretch"
"dao-luan-center","Dao Luan medallion center (Tu Luyen)","ready","192","192","/assets/ui/huyen-kim/nodes/dao-luan-center@1x.png","/assets/ui/huyen-kim/nodes/dao-luan-center@2x.png","False","fill","stretch"
"dao-luan-node","Dao Luan ring node (inner/outer)","ready","96","96","/assets/ui/huyen-kim/nodes/dao-luan-node@1x.png","/assets/ui/huyen-kim/nodes/dao-luan-node@2x.png","True","fill","stretch"
"rune-node","node-graph vertex (locked/available/learned tint)","ready","64","64","/assets/ui/huyen-kim/nodes/rune-node@1x.png","/assets/ui/huyen-kim/nodes/rune-node@2x.png","True","fill","stretch"
"tab-seal","tab indicator / nav seal","ready","96","64","/assets/ui/huyen-kim/tabs/tab-seal@1x.png","/assets/ui/huyen-kim/tabs/tab-seal@2x.png","True","fill","stretch"
"imperial-scroll-body","imperial scroll envelope surface","ready","768","512","/assets/ui/huyen-kim/scroll/imperial-scroll-body@1x.png","/assets/ui/huyen-kim/scroll/imperial-scroll-body@2x.png","False","fill","stretch"
"imperial-scroll-roller","scroll end roller (mirrored)","ready","96","896","/assets/ui/huyen-kim/scroll/imperial-scroll-roller@1x.png","/assets/ui/huyen-kim/scroll/imperial-scroll-roller@2x.png","False","fill","stretch"
"scroll-title-plaque","scroll title plaque","ready","320","88","/assets/ui/huyen-kim/plaques/scroll-title-plaque@1x.png","/assets/ui/huyen-kim/plaques/scroll-title-plaque@2x.png","False","fill","stretch"
"section-plaque","section header plaque","ready","240","56","/assets/ui/huyen-kim/plaques/section-plaque@1x.png","/assets/ui/huyen-kim/plaques/section-plaque@2x.png","False","fill","stretch"
"nav-seal-vertical","vertical nav seal button","ready","96","128","/assets/ui/huyen-kim/tabs/nav-seal-vertical@1x.png","/assets/ui/huyen-kim/tabs/nav-seal-vertical@2x.png","False","fill","stretch"
"list-row","list row surface","ready","384","64","/assets/ui/huyen-kim/list/list-row@1x.png","/assets/ui/huyen-kim/list/list-row@2x.png","False","fill","stretch"
"avatar-frame","avatar/portrait frame","ready","96","96","/assets/ui/huyen-kim/hud/avatar-frame@1x.png","/assets/ui/huyen-kim/hud/avatar-frame@2x.png","False","fill","stretch"
"identity-plate","top-bar identity plate","ready","384","96","/assets/ui/huyen-kim/hud/identity-plate@1x.png","/assets/ui/huyen-kim/hud/identity-plate@2x.png","False","fill","stretch"
"text-field","text input field","ready","320","56","/assets/ui/huyen-kim/forms/text-field@1x.png","/assets/ui/huyen-kim/forms/text-field@2x.png","False","fill","stretch"
"toggle-track","toggle track","ready","96","48","/assets/ui/huyen-kim/settings/toggle-track@1x.png","/assets/ui/huyen-kim/settings/toggle-track@2x.png","False","fill","stretch"
"slider-track","slider track","ready","256","24","/assets/ui/huyen-kim/settings/slider-track@1x.png","/assets/ui/huyen-kim/settings/slider-track@2x.png","False","fill","stretch"
"slider-thumb","slider thumb","ready","40","40","/assets/ui/huyen-kim/settings/slider-thumb@1x.png","/assets/ui/huyen-kim/settings/slider-thumb@2x.png","False","fill","stretch"
"skill-orb-frame","combat skill orb frame","ready","96","96","/assets/ui/huyen-kim/combat/skill-orb-frame@1x.png","/assets/ui/huyen-kim/combat/skill-orb-frame@2x.png","False","fill","stretch"
"turn-token","turn order token","ready","64","64","/assets/ui/huyen-kim/combat/turn-token@1x.png","/assets/ui/huyen-kim/combat/turn-token@2x.png","False","fill","stretch"
"boss-seal","boss stage seal","ready","80","104","/assets/ui/huyen-kim/badges/boss-seal@1x.png","/assets/ui/huyen-kim/badges/boss-seal@2x.png","False","fill","stretch"
"stage-node","exploration stage node","ready","80","80","/assets/ui/huyen-kim/map-ui/stage-node@1x.png","/assets/ui/huyen-kim/map-ui/stage-node@2x.png","False","fill","stretch"
"building-plaque","building plaque tag","ready","96","160","/assets/ui/huyen-kim/plaques/building-plaque@1x.png","/assets/ui/huyen-kim/plaques/building-plaque@2x.png","False","fill","stretch"
"corner-ornament","corner ornament","ready","64","64","/assets/ui/huyen-kim/ornaments/corner-ornament@1x.png","/assets/ui/huyen-kim/ornaments/corner-ornament@2x.png","False","fill","stretch"
"cloud-ornament","cloud ornament","ready","256","128","/assets/ui/huyen-kim/ornaments/cloud-ornament@1x.png","/assets/ui/huyen-kim/ornaments/cloud-ornament@2x.png","False","fill","stretch"
"timer-ring","circular timer ring","ready","128","128","/assets/ui/huyen-kim/combat/timer-ring@1x.png","/assets/ui/huyen-kim/combat/timer-ring@2x.png","False","fill","stretch"
"ceremony-ribbon","ceremonial title ribbon","ready","320","96","/assets/ui/huyen-kim/ceremony/ceremony-ribbon@1x.png","/assets/ui/huyen-kim/ceremony/ceremony-ribbon@2x.png","False","fill","stretch"
"paper-grain-tile","paper grain texture tile","ready","256","256","/assets/ui/huyen-kim/textures/paper-grain-tile@1x.png","/assets/ui/huyen-kim/textures/paper-grain-tile@2x.png","False","fill","tile"
"alchemy-cauldron-prop","alchemy cauldron scene prop","ready","384","320","/assets/ui/huyen-kim/alchemy/alchemy-cauldron-prop@1x.png","/assets/ui/huyen-kim/alchemy/alchemy-cauldron-prop@2x.png","False","fill","stretch"
